S,B,is_validation,layer,gpu_seconds,flops,bytes_moved,input_shape,output_shape
352,8,True,conv1,0.00021780478954315188,2331377664.0,43633024.0,"[8, 3, 352, 352]","[8, 32, 176, 176]"
352,8,True,relu1,7.659519910812378e-05,0.0,63438848.0,"[8, 32, 176, 176]","[8, 32, 176, 176]"
352,8,True,pool,6.778879761695861e-05,0.0,39649280.0,"[8, 32, 176, 176]","[8, 32, 88, 88]"
352,8,True,conv2,0.0003264512062072754,6343884800.0,23994368.0,"[8, 32, 88, 88]","[8, 64, 88, 88]"
352,8,True,relu2,3.9097601175308226e-05,0.0,31719424.0,"[8, 64, 88, 88]","[8, 64, 88, 88]"
352,8,True,conv3,0.00015247360467910768,2283798528.0,24084480.0,"[8, 64, 88, 88]","[8, 128, 44, 44]"
352,8,True,relu3,1.9331200420856477e-05,0.0,15859712.0,"[8, 128, 44, 44]","[8, 128, 44, 44]"
352,8,True,conv4,6.184960007667541e-05,1015021568.0,23920640.0,"[8, 128, 44, 44]","[8, 256, 44, 44]"
352,8,True,relu4,3.911679983139038e-05,0.0,31719424.0,"[8, 256, 44, 44]","[8, 256, 44, 44]"
352,8,True,conv5,0.00031989760398864743,4567597056.0,22183936.0,"[8, 256, 44, 44]","[8, 256, 22, 22]"
352,8,True,relu5,3.878400102257729e-06,0.0,7929856.0,"[8, 256, 22, 22]","[8, 256, 22, 22]"
352,8,True,conv6,9.400320053100586e-05,1015021568.0,12419072.0,"[8, 256, 22, 22]","[8, 512, 22, 22]"
352,8,True,relu6,1.955839991569519e-05,0.0,15859712.0,"[8, 512, 22, 22]","[8, 512, 22, 22]"
352,8,True,avgpool,1.1654400080442429e-05,1982464.0,7946240.0,"[8, 512, 22, 22]","[8, 512, 1, 1]"
352,8,True,fc1,5.017599835991859e-06,2099200.0,549888.0,"[8, 512]","[8, 256]"
352,8,True,relu7,1.331199984997511e-06,0.0,16384.0,"[8, 256]","[8, 256]"
352,8,True,fc2,3.0719999223947524e-06,410400.0,114192.0,"[8, 256]","[8, 100]"
352,29,True,conv1,0.0008948736190795899,8451244032.0,158120320.0,"[29, 3, 352, 352]","[29, 32, 176, 176]"
352,29,True,relu1,0.00027351040840148925,0.0,229965824.0,"[29, 32, 176, 176]","[29, 32, 176, 176]"
352,29,True,pool,0.0002379647970199585,0.0,143728640.0,"[29, 32, 176, 176]","[29, 32, 88, 88]"
352,29,True,conv2,0.0012341247558593752,22996582400.0,86441984.0,"[29, 32, 88, 88]","[29, 64, 88, 88]"
352,29,True,relu2,0.00013752319812774657,0.0,114982912.0,"[29, 64, 88, 88]","[29, 64, 88, 88]"
352,29,True,conv3,0.0005669888019561767,8278769664.0,86532096.0,"[29, 64, 88, 88]","[29, 128, 44, 44]"
352,29,True,relu3,6.972799897193908e-05,0.0,57491456.0,"[29, 128, 44, 44]","[29, 128, 44, 44]"
352,29,True,conv4,0.00022159359455108641,3679453184.0,86368256.0,"[29, 128, 44, 44]","[29, 256, 44, 44]"
352,29,True,relu4,0.00013752319812774657,0.0,114982912.0,"[29, 256, 44, 44]","[29, 256, 44, 44]"
352,29,True,conv5,0.0009599807739257814,16557539328.0,74223616.0,"[29, 256, 44, 44]","[29, 256, 22, 22]"
352,29,True,relu5,3.572480082511902e-05,0.0,28745728.0,"[29, 256, 22, 22]","[29, 256, 22, 22]"
352,29,True,conv6,0.0001977344036102295,3679453184.0,43642880.0,"[29, 256, 22, 22]","[29, 512, 22, 22]"
352,29,True,relu6,6.942719817161559e-05,0.0,57491456.0,"[29, 512, 22, 22]","[29, 512, 22, 22]"
352,29,True,avgpool,3.604480028152466e-05,7186432.0,28805120.0,"[29, 512, 22, 22]","[29, 512, 1, 1]"
352,29,True,fc1,7.884799689054489e-06,7609600.0,614400.0,"[29, 512]","[29, 256]"
352,29,True,relu7,1.6351999714970589e-06,0.0,59392.0,"[29, 256]","[29, 256]"
352,29,True,fc2,9.728000313043593e-06,1487700.0,144096.0,"[29, 256]","[29, 100]"
80,128,True,conv1,0.0001714176058769226,1926758400.0,36063616.0,"[128, 3, 80, 80]","[128, 32, 40, 40]"
80,128,True,relu1,6.338559985160828e-05,0.0,52428800.0,"[128, 32, 40, 40]","[128, 32, 40, 40]"
80,128,True,pool,5.62175989151001e-05,0.0,32768000.0,"[128, 32, 40, 40]","[128, 32, 20, 20]"
80,128,True,conv2,0.00028098559379577636,5242880000.0,19865600.0,"[128, 32, 20, 20]","[128, 64, 20, 20]"
80,128,True,relu2,3.2358399033546444e-05,0.0,26214400.0,"[128, 64, 20, 20]","[128, 64, 20, 20]"
80,128,True,conv3,0.00012541120052337646,1887436800.0,19955712.0,"[128, 64, 20, 20]","[128, 128, 10, 10]"
80,128,True,relu3,1.157120019197464e-05,0.0,13107200.0,"[128, 128, 10, 10]","[128, 128, 10, 10]"
80,128,True,conv4,6.255679726600647e-05,838860800.0,19791872.0,"[128, 128, 10, 10]","[128, 256, 10, 10]"
80,128,True,relu4,3.232960104942321e-05,0.0,26214400.0,"[128, 256, 10, 10]","[128, 256, 10, 10]"
80,128,True,conv5,0.0003084287881851196,3774873600.0,18743296.0,"[128, 256, 10, 10]","[128, 256, 5, 5]"
80,128,True,relu5,3.2767999917268756e-06,0.0,6553600.0,"[128, 256, 5, 5]","[128, 256, 5, 5]"
80,128,True,conv6,5.4448002576828004e-05,838860800.0,10354688.0,"[128, 256, 5, 5]","[128, 512, 5, 5]"
80,128,True,relu6,1.1366400122642517e-05,0.0,13107200.0,"[128, 512, 5, 5]","[128, 512, 5, 5]"
80,128,True,avgpool,1.443839967250824e-05,1638400.0,6815744.0,"[128, 512, 5, 5]","[128, 512, 1, 1]"
80,128,True,fc1,8.294399827718735e-06,33587200.0,918528.0,"[128, 512]","[128, 256]"
80,128,True,relu7,1.331199984997511e-06,0.0,262144.0,"[128, 256]","[128, 256]"
80,128,True,fc2,5.939200147986412e-06,6566400.0,285072.0,"[128, 256]","[128, 100]"
272,56,True,conv1,0.0010247167587280272,9744580608.0,182315392.0,"[56, 3, 272, 272]","[56, 32, 136, 136]"
272,56,True,relu1,0.00031475839614868167,0.0,265158656.0,"[56, 32, 136, 136]","[56, 32, 136, 136]"
272,56,True,pool,0.00027402238845825196,0.0,165724160.0,"[56, 32, 136, 136]","[56, 32, 68, 68]"
272,56,True,conv2,0.0014227456092834473,26515865600.0,99639296.0,"[56, 32, 68, 68]","[56, 64, 68, 68]"
272,56,True,relu2,0.000158515202999115,0.0,132579328.0,"[56, 64, 68, 68]","[56, 64, 68, 68]"
272,56,True,conv3,0.0006516479969024658,9545711616.0,99729408.0,"[56, 64, 68, 68]","[56, 128, 34, 34]"
272,56,True,relu3,8.006719946861268e-05,0.0,66289664.0,"[56, 128, 34, 34]","[56, 128, 34, 34]"
272,56,True,conv4,0.0002579456090927124,4242538496.0,99565568.0,"[56, 128, 34, 34]","[56, 256, 34, 34]"
272,56,True,relu4,0.00015841280221939088,0.0,132579328.0,"[56, 256, 34, 34]","[56, 256, 34, 34]"
272,56,True,conv5,0.0011429887771606446,19091423232.0,85221376.0,"[56, 256, 34, 34]","[56, 256, 17, 17]"
272,56,True,relu5,4.075520038604736e-05,0.0,33144832.0,"[56, 256, 17, 17]","[56, 256, 17, 17]"
272,56,True,conv6,0.0002515968084335327,4242538496.0,50241536.0,"[56, 256, 17, 17]","[56, 512, 17, 17]"
272,56,True,relu6,7.997440099716186e-05,0.0,66289664.0,"[56, 512, 17, 17]","[56, 512, 17, 17]"
272,56,True,avgpool,4.730879962444306e-05,8286208.0,33259520.0,"[56, 512, 17, 17]","[56, 512, 1, 1]"
272,56,True,fc1,8.191999793052674e-06,14694400.0,697344.0,"[56, 512]","[56, 256]"
272,56,True,relu7,1.5039999969303608e-06,0.0,114688.0,"[56, 256]","[56, 256]"
272,56,True,fc2,9.113600105047226e-06,2872800.0,182544.0,"[56, 256]","[56, 100]"
384,16,False,conv1,0.0005177343845367431,5549064192.0,103827840.0,"[16, 3, 384, 384]","[16, 32, 192, 192]"
384,16,False,relu1,0.0001802240014076233,0.0,150994944.0,"[16, 32, 192, 192]","[16, 32, 192, 192]"
384,16,False,pool,0.00015810559988021852,0.0,94371840.0,"[16, 32, 192, 192]","[16, 32, 96, 96]"
384,16,False,conv2,0.0008368127822875977,15099494400.0,56827904.0,"[16, 32, 96, 96]","[16, 64, 96, 96]"
384,16,False,relu2,9.093120098114014e-05,0.0,75497472.0,"[16, 64, 96, 96]","[16, 64, 96, 96]"
384,16,False,conv3,0.00037888000011444096,5435817984.0,56918016.0,"[16, 64, 96, 96]","[16, 128, 48, 48]"
384,16,False,relu3,4.628480076789856e-05,0.0,37748736.0,"[16, 128, 48, 48]","[16, 128, 48, 48]"
384,16,False,conv4,0.0001533951997756958,2415919104.0,56754176.0,"[16, 128, 48, 48]","[16, 256, 48, 48]"
384,16,False,relu4,9.093120098114014e-05,0.0,75497472.0,"[16, 256, 48, 48]","[16, 256, 48, 48]"
384,16,False,conv5,0.0006665215969085693,10871635968.0,49545216.0,"[16, 256, 48, 48]","[16, 256, 24, 24]"
384,16,False,relu5,2.385919988155365e-05,0.0,18874368.0,"[16, 256, 24, 24]","[16, 256, 24, 24]"
384,16,False,conv6,0.00013608959913253784,2415919104.0,28835840.0,"[16, 256, 24, 24]","[16, 512, 24, 24]"
384,16,False,relu6,4.61760014295578e-05,0.0,37748736.0,"[16, 512, 24, 24]","[16, 512, 24, 24]"
384,16,False,avgpool,2.5190401077270504e-05,4718592.0,18907136.0,"[16, 512, 24, 24]","[16, 512, 1, 1]"
384,16,False,fc1,6.246399879455567e-06,4198400.0,574464.0,"[16, 512]","[16, 256]"
384,16,False,relu7,1.4112000353634357e-06,0.0,32768.0,"[16, 256]","[16, 256]"
384,16,False,fc2,3.2767999917268756e-06,820800.0,125584.0,"[16, 256]","[16, 100]"
512,256,False,conv1,0.016127897644042967,157840048128.0,2952808832.0,"[256, 3, 512, 512]","[256, 32, 256, 256]"
512,256,False,relu1,0.005079446411132812,0.0,4294967296.0,"[256, 32, 256, 256]","[256, 32, 256, 256]"
512,256,False,pool,0.004518912124633789,0.0,2684354560.0,"[256, 32, 256, 256]","[256, 32, 128, 128]"
512,256,False,conv2,0.022680677795410158,429496729600.0,1610817536.0,"[256, 32, 128, 128]","[256, 64, 128, 128]"
512,256,False,relu2,0.0025382623672485353,0.0,2147483648.0,"[256, 64, 128, 128]","[256, 64, 128, 128]"
512,256,False,conv3,0.008525926208496095,154618822656.0,1610907648.0,"[256, 64, 128, 128]","[256, 128, 64, 64]"
512,256,False,relu3,0.001269331169128418,0.0,1073741824.0,"[256, 128, 64, 64]","[256, 128, 64, 64]"
512,256,False,conv4,0.004379647827148438,68719476736.0,1610743808.0,"[256, 128, 64, 64]","[256, 256, 64, 64]"
512,256,False,relu4,0.002537676811218262,0.0,2147483648.0,"[256, 256, 64, 64]","[256, 256, 64, 64]"
512,256,False,conv5,0.016501651000976565,309237645312.0,1344536576.0,"[256, 256, 64, 64]","[256, 256, 32, 32]"
512,256,False,relu5,0.0006360064029693604,0.0,536870912.0,"[256, 256, 32, 32]","[256, 256, 32, 32]"
512,256,False,conv6,0.0037144577026367183,68719476736.0,805830656.0,"[256, 256, 32, 32]","[256, 512, 32, 32]"
512,256,False,relu6,0.001269555187225342,0.0,1073741824.0,"[256, 512, 32, 32]","[256, 512, 32, 32]"
512,256,False,avgpool,0.0006063104152679444,134217728.0,537395200.0,"[256, 512, 32, 32]","[256, 512, 1, 1]"
512,256,False,fc1,1.3107199966907502e-05,67174400.0,1311744.0,"[256, 512]","[256, 256]"
512,256,False,relu7,1.4303999952971936e-06,0.0,524288.0,"[256, 256]","[256, 256]"
512,256,False,fc2,6.860800087451935e-06,13132800.0,467344.0,"[256, 256]","[256, 100]"
32,16,False,conv1,8.908800035715104e-06,38535168.0,739712.0,"[16, 3, 32, 32]","[16, 32, 16, 16]"
32,16,False,relu1,1.5359999611973762e-06,0.0,1048576.0,"[16, 32, 16, 16]","[16, 32, 16, 16]"
32,16,False,pool,2.8672000393271445e-06,0.0,655360.0,"[16, 32, 16, 16]","[16, 32, 8, 8]"
32,16,False,conv2,2.0172800123691558e-05,104857600.0,598016.0,"[16, 32, 8, 8]","[16, 64, 8, 8]"
32,16,False,relu2,1.331199984997511e-06,0.0,524288.0,"[16, 64, 8, 8]","[16, 64, 8, 8]"
32,16,False,conv3,2.3552000522613525e-05,37748736.0,688128.0,"[16, 64, 8, 8]","[16, 128, 4, 4]"
32,16,False,relu3,1.331199984997511e-06,0.0,262144.0,"[16, 128, 4, 4]","[16, 128, 4, 4]"
32,16,False,conv4,1.5756799280643464e-05,16777216.0,524288.0,"[16, 128, 4, 4]","[16, 256, 4, 4]"
32,16,False,relu4,1.3952000066637992e-06,0.0,524288.0,"[16, 256, 4, 4]","[16, 256, 4, 4]"
32,16,False,conv5,9.090880155563354e-05,75497472.0,2686976.0,"[16, 256, 4, 4]","[16, 256, 2, 2]"
32,16,False,relu5,1.228800043463707e-06,0.0,131072.0,"[16, 256, 2, 2]","[16, 256, 2, 2]"
32,16,False,conv6,1.2380799651145935e-05,16777216.0,720896.0,"[16, 256, 2, 2]","[16, 512, 2, 2]"
32,16,False,relu6,1.228800043463707e-06,0.0,262144.0,"[16, 512, 2, 2]","[16, 512, 2, 2]"
32,16,False,avgpool,1.945599913597107e-06,32768.0,163840.0,"[16, 512, 2, 2]","[16, 512, 1, 1]"
32,16,False,fc1,5.529600009322166e-06,4198400.0,574464.0,"[16, 512]","[16, 256]"
32,16,False,relu7,1.228800043463707e-06,0.0,32768.0,"[16, 256]","[16, 256]"
32,16,False,fc2,2.8672000393271445e-06,820800.0,125584.0,"[16, 256]","[16, 100]"
32,4,False,conv1,7.680000364780427e-06,9633792.0,199040.0,"[4, 3, 32, 32]","[4, 32, 16, 16]"
32,4,False,relu1,1.331199984997511e-06,0.0,262144.0,"[4, 32, 16, 16]","[4, 32, 16, 16]"
32,4,False,pool,2.457600086927414e-06,0.0,163840.0,"[4, 32, 16, 16]","[4, 32, 8, 8]"
32,4,False,conv2,1.7817600071430207e-05,26214400.0,303104.0,"[4, 32, 8, 8]","[4, 64, 8, 8]"
32,4,False,relu2,1.228800043463707e-06,0.0,131072.0,"[4, 64, 8, 8]","[4, 64, 8, 8]"
32,4,False,conv3,2.3552000522613525e-05,9437184.0,393216.0,"[4, 64, 8, 8]","[4, 128, 4, 4]"
32,4,False,relu3,1.228800043463707e-06,0.0,65536.0,"[4, 128, 4, 4]","[4, 128, 4, 4]"
32,4,False,conv4,1.5667200088500975e-05,4194304.0,229376.0,"[4, 128, 4, 4]","[4, 256, 4, 4]"
32,4,False,relu4,1.228800043463707e-06,0.0,131072.0,"[4, 256, 4, 4]","[4, 256, 4, 4]"
32,4,False,conv5,8.82528007030487e-05,18874368.0,2441216.0,"[4, 256, 4, 4]","[4, 256, 2, 2]"
32,4,False,relu5,1.228800043463707e-06,0.0,32768.0,"[4, 256, 2, 2]","[4, 256, 2, 2]"
32,4,False,conv6,1.1161600053310394e-05,4194304.0,573440.0,"[4, 256, 2, 2]","[4, 512, 2, 2]"
32,4,False,relu6,1.228800043463707e-06,0.0,65536.0,"[4, 512, 2, 2]","[4, 512, 2, 2]"
32,4,False,avgpool,1.9231999292969703e-06,8192.0,40960.0,"[4, 512, 2, 2]","[4, 512, 1, 1]"
32,4,False,fc1,3.3792000263929365e-06,1049600.0,537600.0,"[4, 512]","[4, 256]"
32,4,False,relu7,1.228800043463707e-06,0.0,8192.0,"[4, 256]","[4, 256]"
32,4,False,fc2,2.3552000522613525e-06,205200.0,108496.0,"[4, 256]","[4, 100]"
512,1,False,conv1,5.949440002441407e-05,616562688.0,11553152.0,"[1, 3, 512, 512]","[1, 32, 256, 256]"
512,1,False,relu1,2.037760019302368e-05,0.0,16777216.0,"[1, 32, 256, 256]","[1, 32, 256, 256]"
512,1,False,pool,1.974399983882904e-05,0.0,10485760.0,"[1, 32, 256, 256]","[1, 32, 128, 128]"
512,1,False,conv2,0.00010158079862594604,1677721600.0,6496256.0,"[1, 32, 128, 128]","[1, 64, 128, 128]"
512,1,False,relu2,3.7888001650571825e-06,0.0,8388608.0,"[1, 64, 128, 128]","[1, 64, 128, 128]"
512,1,False,conv3,5.723199844360351e-05,603979776.0,6586368.0,"[1, 64, 128, 128]","[1, 128, 64, 64]"
512,1,False,relu3,2.3552000522613525e-06,0.0,4194304.0,"[1, 128, 64, 64]","[1, 128, 64, 64]"
512,1,False,conv4,2.2118400037288665e-05,268435456.0,6422528.0,"[1, 128, 64, 64]","[1, 256, 64, 64]"
512,1,False,relu4,4.0863998234272005e-06,0.0,8388608.0,"[1, 256, 64, 64]","[1, 256, 64, 64]"
512,1,False,conv5,0.00014868479967117309,1207959552.0,7602176.0,"[1, 256, 64, 64]","[1, 256, 32, 32]"
512,1,False,relu5,1.8432000651955603e-06,0.0,2097152.0,"[1, 256, 32, 32]","[1, 256, 32, 32]"
512,1,False,conv6,2.6111999154090883e-05,268435456.0,3670016.0,"[1, 256, 32, 32]","[1, 512, 32, 32]"
512,1,False,relu6,2.3552000522613525e-06,0.0,4194304.0,"[1, 512, 32, 32]","[1, 512, 32, 32]"
512,1,False,avgpool,3.4816000610589983e-06,524288.0,2099200.0,"[1, 512, 32, 32]","[1, 512, 1, 1]"
512,1,False,fc1,3.3504001796245577e-06,262400.0,528384.0,"[1, 512]","[1, 256]"
512,1,False,relu7,1.331199984997511e-06,0.0,2048.0,"[1, 256]","[1, 256]"
512,1,False,fc2,2.764800004661083e-06,51300.0,104224.0,"[1, 256]","[1, 100]"
64,64,False,conv1,5.8675199747085574e-05,616562688.0,11553152.0,"[64, 3, 64, 64]","[64, 32, 32, 32]"
64,64,False,relu1,2.037760019302368e-05,0.0,16777216.0,"[64, 32, 32, 32]","[64, 32, 32, 32]"
64,64,False,pool,1.9545599818229675e-05,0.0,10485760.0,"[64, 32, 32, 32]","[64, 32, 16, 16]"
64,64,False,conv2,0.00011294720172882081,1677721600.0,6496256.0,"[64, 32, 16, 16]","[64, 64, 16, 16]"
64,64,False,relu2,3.891199827194214e-06,0.0,8388608.0,"[64, 64, 16, 16]","[64, 64, 16, 16]"
64,64,False,conv3,5.826560258865356e-05,603979776.0,6586368.0,"[64, 64, 16, 16]","[64, 128, 8, 8]"
64,64,False,relu3,2.3552000522613525e-06,0.0,4194304.0,"[64, 128, 8, 8]","[64, 128, 8, 8]"
64,64,False,conv4,2.170879989862442e-05,268435456.0,6422528.0,"[64, 128, 8, 8]","[64, 256, 8, 8]"
64,64,False,relu4,3.971200063824654e-06,0.0,8388608.0,"[64, 256, 8, 8]","[64, 256, 8, 8]"
64,64,False,conv5,0.0001521343946456909,1207959552.0,7602176.0,"[64, 256, 8, 8]","[64, 256, 4, 4]"
64,64,False,relu5,1.8239999189972876e-06,0.0,2097152.0,"[64, 256, 4, 4]","[64, 256, 4, 4]"
64,64,False,conv6,2.5907200574874876e-05,268435456.0,3670016.0,"[64, 256, 4, 4]","[64, 512, 4, 4]"
64,64,False,relu6,2.3552000522613525e-06,0.0,4194304.0,"[64, 512, 4, 4]","[64, 512, 4, 4]"
64,64,False,avgpool,6.656000018119811e-06,524288.0,2228224.0,"[64, 512, 4, 4]","[64, 512, 1, 1]"
64,64,False,fc1,7.065600156784058e-06,16793600.0,721920.0,"[64, 512]","[64, 256]"
64,64,False,relu7,1.331199984997511e-06,0.0,131072.0,"[64, 256]","[64, 256]"
64,64,False,fc2,8.211199939250946e-06,3283200.0,193936.0,"[64, 256]","[64, 100]"
80,2,True,conv1,8.499199897050858e-06,30105600.0,582016.0,"[2, 3, 80, 80]","[2, 32, 40, 40]"
80,2,True,relu1,1.4336000196635723e-06,0.0,819200.0,"[2, 32, 40, 40]","[2, 32, 40, 40]"
80,2,True,pool,2.764800004661083e-06,0.0,512000.0,"[2, 32, 40, 40]","[2, 32, 20, 20]"
80,2,True,conv2,3.2121598720550534e-05,81920000.0,512000.0,"[2, 32, 20, 20]","[2, 64, 20, 20]"
80,2,True,relu2,1.324800029397011e-06,0.0,409600.0,"[2, 64, 20, 20]","[2, 64, 20, 20]"
80,2,True,conv3,2.3625600337982178e-05,29491200.0,602112.0,"[2, 64, 20, 20]","[2, 128, 10, 10]"
80,2,True,relu3,1.3088000006973744e-06,0.0,204800.0,"[2, 128, 10, 10]","[2, 128, 10, 10]"
80,2,True,conv4,7.340800017118455e-06,13107200.0,438272.0,"[2, 128, 10, 10]","[2, 256, 10, 10]"
80,2,True,relu4,1.228800043463707e-06,0.0,409600.0,"[2, 256, 10, 10]","[2, 256, 10, 10]"
80,2,True,conv5,8.815360069274902e-05,58982400.0,2615296.0,"[2, 256, 10, 10]","[2, 256, 5, 5]"
80,2,True,relu5,1.331199984997511e-06,0.0,102400.0,"[2, 256, 5, 5]","[2, 256, 5, 5]"
80,2,True,conv6,1.1264000087976456e-05,13107200.0,677888.0,"[2, 256, 5, 5]","[2, 512, 5, 5]"
80,2,True,relu6,1.331199984997511e-06,0.0,204800.0,"[2, 512, 5, 5]","[2, 512, 5, 5]"
80,2,True,avgpool,2.0479999482631684e-06,25600.0,106496.0,"[2, 512, 5, 5]","[2, 512, 1, 1]"
80,2,True,fc1,3.0719999223947524e-06,524800.0,531456.0,"[2, 512]","[2, 256]"
80,2,True,relu7,1.331199984997511e-06,0.0,4096.0,"[2, 256]","[2, 256]"
80,2,True,fc2,2.15039998292923e-06,102600.0,105648.0,"[2, 256]","[2, 100]"
352,56,True,conv1,0.0016987136840820312,16319643648.0,305318272.0,"[56, 3, 352, 352]","[56, 32, 176, 176]"
352,56,True,relu1,0.000525926399230957,0.0,444071936.0,"[56, 32, 176, 176]","[56, 32, 176, 176]"
352,56,True,pool,0.0004588543891906738,0.0,277544960.0,"[56, 32, 176, 176]","[56, 32, 88, 88]"
352,56,True,conv2,0.0023790592193603513,44407193600.0,166731776.0,"[56, 32, 88, 88]","[56, 64, 88, 88]"
352,56,True,relu2,0.00026378240585327146,0.0,222035968.0,"[56, 64, 88, 88]","[56, 64, 88, 88]"
352,56,True,conv3,0.0010735615730285645,15986589696.0,166821888.0,"[56, 64, 88, 88]","[56, 128, 44, 44]"
352,56,True,relu3,0.000132915198802948,0.0,111017984.0,"[56, 128, 44, 44]","[56, 128, 44, 44]"
352,56,True,conv4,0.00039915521144866944,7105150976.0,166658048.0,"[56, 128, 44, 44]","[56, 256, 44, 44]"
352,56,True,relu4,0.00026398720741271974,0.0,222035968.0,"[56, 256, 44, 44]","[56, 256, 44, 44]"
352,56,True,conv5,0.0018140159606933593,31973179392.0,141131776.0,"[56, 256, 44, 44]","[56, 256, 22, 22]"
352,56,True,relu5,6.737279891967773e-05,0.0,55508992.0,"[56, 256, 22, 22]","[56, 256, 22, 22]"
352,56,True,conv6,0.0008294400215148925,7105150976.0,83787776.0,"[56, 256, 22, 22]","[56, 512, 22, 22]"
352,56,True,relu6,0.00013301759958267212,0.0,111017984.0,"[56, 512, 22, 22]","[56, 512, 22, 22]"
352,56,True,avgpool,6.696959733963013e-05,13877248.0,55623680.0,"[56, 512, 22, 22]","[56, 512, 1, 1]"
352,56,True,fc1,9.523200243711471e-06,14694400.0,697344.0,"[56, 512]","[56, 256]"
352,56,True,relu7,1.6383999958634378e-06,0.0,114688.0,"[56, 256]","[56, 256]"
352,56,True,fc2,1.0649599879980087e-05,2872800.0,182544.0,"[56, 256]","[56, 100]"
80,1,True,conv1,8.294399827718735e-06,15052800.0,300416.0,"[1, 3, 80, 80]","[1, 32, 40, 40]"
80,1,True,relu1,1.331199984997511e-06,0.0,409600.0,"[1, 32, 40, 40]","[1, 32, 40, 40]"
80,1,True,pool,2.7456000447273254e-06,0.0,256000.0,"[1, 32, 40, 40]","[1, 32, 20, 20]"
80,1,True,conv2,3.2358399033546444e-05,40960000.0,358400.0,"[1, 32, 20, 20]","[1, 64, 20, 20]"
80,1,True,relu2,1.228800043463707e-06,0.0,204800.0,"[1, 64, 20, 20]","[1, 64, 20, 20]"
80,1,True,conv3,2.3961600661277773e-05,14745600.0,448512.0,"[1, 64, 20, 20]","[1, 128, 10, 10]"
80,1,True,relu3,1.331199984997511e-06,0.0,102400.0,"[1, 128, 10, 10]","[1, 128, 10, 10]"
80,1,True,conv4,7.2704002261161795e-06,6553600.0,284672.0,"[1, 128, 10, 10]","[1, 256, 10, 10]"
80,1,True,relu4,1.3183999806642533e-06,0.0,204800.0,"[1, 256, 10, 10]","[1, 256, 10, 10]"
80,1,True,conv5,8.919039964675902e-05,29491200.0,2487296.0,"[1, 256, 10, 10]","[1, 256, 5, 5]"
80,1,True,relu5,1.3088000006973744e-06,0.0,51200.0,"[1, 256, 5, 5]","[1, 256, 5, 5]"
80,1,True,conv6,1.1161600053310394e-05,6553600.0,601088.0,"[1, 256, 5, 5]","[1, 512, 5, 5]"
80,1,True,relu6,1.331199984997511e-06,0.0,102400.0,"[1, 512, 5, 5]","[1, 512, 5, 5]"
80,1,True,avgpool,2.0479999482631684e-06,12800.0,53248.0,"[1, 512, 5, 5]","[1, 512, 1, 1]"
80,1,True,fc1,3.2703999429941177e-06,262400.0,528384.0,"[1, 512]","[1, 256]"
80,1,True,relu7,1.331199984997511e-06,0.0,2048.0,"[1, 256]","[1, 256]"
80,1,True,fc2,2.662399969995022e-06,51300.0,104224.0,"[1, 256]","[1, 100]"
400,179,True,conv1,0.006907698822021484,67361280000.0,1260178816.0,"[179, 3, 400, 400]","[179, 32, 200, 200]"
400,179,True,relu1,0.002166169548034668,0.0,1832960000.0,"[179, 32, 200, 200]","[179, 32, 200, 200]"
400,179,True,pool,0.0018750463485717773,0.0,1145600000.0,"[179, 32, 200, 200]","[179, 32, 100, 100]"
400,179,True,conv2,0.009754307556152343,183296000000.0,687564800.0,"[179, 32, 100, 100]","[179, 64, 100, 100]"
400,179,True,relu2,0.0010840800285339355,0.0,916480000.0,"[179, 64, 100, 100]","[179, 64, 100, 100]"
400,179,True,conv3,0.003717529678344727,65986560000.0,687654912.0,"[179, 64, 100, 100]","[179, 128, 50, 50]"
400,179,True,relu3,0.0005428224086761475,0.0,458240000.0,"[179, 128, 50, 50]","[179, 128, 50, 50]"
400,179,True,conv4,0.0019187711715698244,29327360000.0,687491072.0,"[179, 128, 50, 50]","[179, 256, 50, 50]"
400,179,True,relu4,0.001083788776397705,0.0,916480000.0,"[179, 256, 50, 50]","[179, 256, 50, 50]"
400,179,True,conv5,0.007127961730957031,131973120000.0,575159296.0,"[179, 256, 50, 50]","[179, 256, 25, 25]"
400,179,True,relu5,0.00027246079444885255,0.0,229120000.0,"[179, 256, 25, 25]","[179, 256, 25, 25]"
400,179,True,conv6,0.0017443840026855467,29327360000.0,344204288.0,"[179, 256, 25, 25]","[179, 512, 25, 25]"
400,179,True,relu6,0.0005427167892456054,0.0,458240000.0,"[179, 512, 25, 25]","[179, 512, 25, 25]"
400,179,True,avgpool,0.0002634752035140991,57280000.0,229486592.0,"[179, 512, 25, 25]","[179, 512, 1, 1]"
400,179,True,fc1,1.0547199845314026e-05,46969600.0,1075200.0,"[179, 512]","[179, 256]"
400,179,True,relu7,1.6256000846624374e-06,0.0,366592.0,"[179, 256]","[179, 256]"
400,179,True,fc2,6.860800087451935e-06,9182700.0,357696.0,"[179, 256]","[179, 100]"
32,1,False,conv1,7.875200361013413e-06,2408448.0,63872.0,"[1, 3, 32, 32]","[1, 32, 16, 16]"
32,1,False,relu1,1.2992000207304955e-06,0.0,65536.0,"[1, 32, 16, 16]","[1, 32, 16, 16]"
32,1,False,pool,2.457600086927414e-06,0.0,40960.0,"[1, 32, 16, 16]","[1, 32, 8, 8]"
32,1,False,conv2,1.3414399325847626e-05,6553600.0,229376.0,"[1, 32, 8, 8]","[1, 64, 8, 8]"
32,1,False,relu2,1.228800043463707e-06,0.0,32768.0,"[1, 64, 8, 8]","[1, 64, 8, 8]"
32,1,False,conv3,2.3449599742889403e-05,2359296.0,319488.0,"[1, 64, 8, 8]","[1, 128, 4, 4]"
32,1,False,relu3,1.228800043463707e-06,0.0,16384.0,"[1, 128, 4, 4]","[1, 128, 4, 4]"
32,1,False,conv4,6.656000018119811e-06,1048576.0,155648.0,"[1, 128, 4, 4]","[1, 256, 4, 4]"
32,1,False,relu4,1.228800043463707e-06,0.0,32768.0,"[1, 256, 4, 4]","[1, 256, 4, 4]"
32,1,False,conv5,8.765439987182617e-05,4718592.0,2379776.0,"[1, 256, 4, 4]","[1, 256, 2, 2]"
32,1,False,relu5,1.3088000006973744e-06,0.0,8192.0,"[1, 256, 2, 2]","[1, 256, 2, 2]"
32,1,False,conv6,1.1059200018644333e-05,1048576.0,536576.0,"[1, 256, 2, 2]","[1, 512, 2, 2]"
32,1,False,relu6,1.228800043463707e-06,0.0,16384.0,"[1, 512, 2, 2]","[1, 512, 2, 2]"
32,1,False,avgpool,1.913600042462349e-06,2048.0,10240.0,"[1, 512, 2, 2]","[1, 512, 1, 1]"
32,1,False,fc1,3.244800120592117e-06,262400.0,528384.0,"[1, 512]","[1, 256]"
32,1,False,relu7,1.331199984997511e-06,0.0,2048.0,"[1, 256]","[1, 256]"
32,1,False,fc2,2.662399969995022e-06,51300.0,104224.0,"[1, 256]","[1, 100]"
80,16,True,conv1,2.672320008277893e-05,240844800.0,4524416.0,"[16, 3, 80, 80]","[16, 32, 40, 40]"
80,16,True,relu1,3.148800134658813e-06,0.0,6553600.0,"[16, 32, 40, 40]","[16, 32, 40, 40]"
80,16,True,pool,7.059200108051301e-06,0.0,4096000.0,"[16, 32, 40, 40]","[16, 32, 20, 20]"
80,16,True,conv2,8.33407998085022e-05,655360000.0,2662400.0,"[16, 32, 20, 20]","[16, 64, 20, 20]"
80,16,True,relu2,2.0479999482631684e-06,0.0,3276800.0,"[16, 64, 20, 20]","[16, 64, 20, 20]"
80,16,True,conv3,3.3792001008987427e-05,235929600.0,2752512.0,"[16, 64, 20, 20]","[16, 128, 10, 10]"
80,16,True,relu3,1.6383999958634378e-06,0.0,1638400.0,"[16, 128, 10, 10]","[16, 128, 10, 10]"
80,16,True,conv4,1.605439931154251e-05,104857600.0,2588672.0,"[16, 128, 10, 10]","[16, 256, 10, 10]"
80,16,True,relu4,2.1407999098300934e-06,0.0,3276800.0,"[16, 256, 10, 10]","[16, 256, 10, 10]"
80,16,True,conv5,9.233599901199341e-05,471859200.0,4407296.0,"[16, 256, 10, 10]","[16, 256, 5, 5]"
80,16,True,relu5,1.4336000196635723e-06,0.0,819200.0,"[16, 256, 5, 5]","[16, 256, 5, 5]"
80,16,True,conv6,2.5190401077270504e-05,104857600.0,1753088.0,"[16, 256, 5, 5]","[16, 512, 5, 5]"
80,16,True,relu6,1.7216000705957414e-06,0.0,1638400.0,"[16, 512, 5, 5]","[16, 512, 5, 5]"
80,16,True,avgpool,3.1360000371932986e-06,204800.0,851968.0,"[16, 512, 5, 5]","[16, 512, 1, 1]"
80,16,True,fc1,5.529600009322166e-06,4198400.0,574464.0,"[16, 512]","[16, 256]"
80,16,True,relu7,1.228800043463707e-06,0.0,32768.0,"[16, 256]","[16, 256]"
80,16,True,fc2,2.9440000653266907e-06,820800.0,125584.0,"[16, 256]","[16, 100]"
256,32,False,conv1,0.0004351967811584472,4932501504.0,92293504.0,"[32, 3, 256, 256]","[32, 32, 128, 128]"
256,32,False,relu1,0.00016043200492858888,0.0,134217728.0,"[32, 32, 128, 128]","[32, 32, 128, 128]"
256,32,False,pool,0.0001411072015762329,0.0,83886080.0,"[32, 32, 128, 128]","[32, 32, 64, 64]"
256,32,False,conv2,0.0007327744007110596,13421772800.0,50536448.0,"[32, 32, 64, 64]","[32, 64, 64, 64]"
256,32,False,relu2,8.10912013053894e-05,0.0,67108864.0,"[32, 64, 64, 64]","[32, 64, 64, 64]"
256,32,False,conv3,0.0003315711975097656,4831838208.0,50626560.0,"[32, 64, 64, 64]","[32, 128, 32, 32]"
256,32,False,relu3,4.116480052471161e-05,0.0,33554432.0,"[32, 128, 32, 32]","[32, 128, 32, 32]"
256,32,False,conv4,0.0001354688048362732,2147483648.0,50462720.0,"[32, 128, 32, 32]","[32, 256, 32, 32]"
256,32,False,relu4,8.089600205421447e-05,0.0,67108864.0,"[32, 256, 32, 32]","[32, 256, 32, 32]"
256,32,False,conv5,0.0006477824211120605,9663676416.0,44302336.0,"[32, 256, 32, 32]","[32, 256, 16, 16]"
256,32,False,relu5,2.0582400262355805e-05,0.0,16777216.0,"[32, 256, 16, 16]","[32, 256, 16, 16]"
256,32,False,conv6,0.00013271039724349975,2147483648.0,25690112.0,"[32, 256, 16, 16]","[32, 512, 16, 16]"
256,32,False,relu6,4.1062399744987485e-05,0.0,33554432.0,"[32, 512, 16, 16]","[32, 512, 16, 16]"
256,32,False,avgpool,2.160640060901642e-05,4194304.0,16842752.0,"[32, 512, 16, 16]","[32, 512, 1, 1]"
256,32,False,fc1,7.065600156784058e-06,8396800.0,623616.0,"[32, 512]","[32, 256]"
256,32,False,relu7,1.331199984997511e-06,0.0,65536.0,"[32, 256]","[32, 256]"
256,32,False,fc2,8.60159993171692e-06,1641600.0,148368.0,"[32, 256]","[32, 100]"
272,1,True,conv1,2.0889599621295927e-05,174010368.0,3274112.0,"[1, 3, 272, 272]","[1, 32, 136, 136]"
272,1,True,relu1,2.457600086927414e-06,0.0,4734976.0,"[1, 32, 136, 136]","[1, 32, 136, 136]"
272,1,True,pool,5.529600009322166e-06,0.0,2959360.0,"[1, 32, 136, 136]","[1, 32, 68, 68]"
272,1,True,conv2,7.49567985534668e-05,473497600.0,1980416.0,"[1, 32, 68, 68]","[1, 64, 68, 68]"
272,1,True,relu2,1.8432000651955603e-06,0.0,2367488.0,"[1, 64, 68, 68]","[1, 64, 68, 68]"
272,1,True,conv3,6.66271984577179e-05,170459136.0,2070528.0,"[1, 64, 68, 68]","[1, 128, 34, 34]"
272,1,True,relu3,1.5359999611973762e-06,0.0,1183744.0,"[1, 128, 34, 34]","[1, 128, 34, 34]"
272,1,True,conv4,1.2992000579833984e-05,75759616.0,1906688.0,"[1, 128, 34, 34]","[1, 256, 34, 34]"
272,1,True,relu4,1.8432000651955603e-06,0.0,2367488.0,"[1, 256, 34, 34]","[1, 256, 34, 34]"
272,1,True,conv5,8.847360014915466e-05,340918272.0,3838976.0,"[1, 256, 34, 34]","[1, 256, 17, 17]"
272,1,True,relu5,1.331199984997511e-06,0.0,591872.0,"[1, 256, 17, 17]","[1, 256, 17, 17]"
272,1,True,conv6,1.3414399325847626e-05,75759616.0,1412096.0,"[1, 256, 17, 17]","[1, 512, 17, 17]"
272,1,True,relu6,1.5359999611973762e-06,0.0,1183744.0,"[1, 512, 17, 17]","[1, 512, 17, 17]"
272,1,True,avgpool,2.662399969995022e-06,147968.0,593920.0,"[1, 512, 17, 17]","[1, 512, 1, 1]"
272,1,True,fc1,3.174399957060814e-06,262400.0,528384.0,"[1, 512]","[1, 256]"
272,1,True,relu7,1.331199984997511e-06,0.0,2048.0,"[1, 256]","[1, 256]"
272,1,True,fc2,2.659199945628643e-06,51300.0,104224.0,"[1, 256]","[1, 100]"
128,2,False,conv1,1.1980800330638886e-05,77070336.0,1460608.0,"[2, 3, 128, 128]","[2, 32, 64, 64]"
128,2,False,relu1,1.7408000305294992e-06,0.0,2097152.0,"[2, 32, 64, 64]","[2, 32, 64, 64]"
128,2,False,pool,3.5840000957250597e-06,0.0,1310720.0,"[2, 32, 64, 64]","[2, 32, 32, 32]"
128,2,False,conv2,3.375999927520752e-05,209715200.0,991232.0,"[2, 32, 32, 32]","[2, 64, 32, 32]"
128,2,False,relu2,1.5200000256299973e-06,0.0,1048576.0,"[2, 64, 32, 32]","[2, 64, 32, 32]"
128,2,False,conv3,2.365439981222153e-05,75497472.0,1081344.0,"[2, 64, 32, 32]","[2, 128, 16, 16]"
128,2,False,relu3,1.331199984997511e-06,0.0,524288.0,"[2, 128, 16, 16]","[2, 128, 16, 16]"
128,2,False,conv4,7.782399654388428e-06,33554432.0,917504.0,"[2, 128, 16, 16]","[2, 256, 16, 16]"
128,2,False,relu4,1.5263999812304975e-06,0.0,1048576.0,"[2, 256, 16, 16]","[2, 256, 16, 16]"
128,2,False,conv5,8.806399703025817e-05,150994944.0,3014656.0,"[2, 256, 16, 16]","[2, 256, 8, 8]"
128,2,False,relu5,1.3183999806642533e-06,0.0,262144.0,"[2, 256, 8, 8]","[2, 256, 8, 8]"
128,2,False,conv6,1.1366400122642517e-05,33554432.0,917504.0,"[2, 256, 8, 8]","[2, 512, 8, 8]"
128,2,False,relu6,1.331199984997511e-06,0.0,524288.0,"[2, 512, 8, 8]","[2, 512, 8, 8]"
128,2,False,avgpool,2.131200022995472e-06,65536.0,266240.0,"[2, 512, 8, 8]","[2, 512, 1, 1]"
128,2,False,fc1,3.0719999223947524e-06,524800.0,531456.0,"[2, 512]","[2, 256]"
128,2,False,relu7,1.331199984997511e-06,0.0,4096.0,"[2, 256]","[2, 256]"
128,2,False,fc2,2.15039998292923e-06,102600.0,105648.0,"[2, 256]","[2, 100]"
224,16,False,conv1,0.00017018879652023314,1888223232.0,35342720.0,"[16, 3, 224, 224]","[16, 32, 112, 112]"
224,16,False,relu1,6.215680241584778e-05,0.0,51380224.0,"[16, 32, 112, 112]","[16, 32, 112, 112]"
224,16,False,pool,5.5478399991989136e-05,0.0,32112640.0,"[16, 32, 112, 112]","[16, 32, 56, 56]"
224,16,False,conv2,0.00026357760429382323,5138022400.0,19472384.0,"[16, 32, 56, 56]","[16, 64, 56, 56]"
224,16,False,relu2,3.1727999448776245e-05,0.0,25690112.0,"[16, 64, 56, 56]","[16, 64, 56, 56]"
224,16,False,conv3,0.00015697920322418213,1849688064.0,19562496.0,"[16, 64, 56, 56]","[16, 128, 28, 28]"
224,16,False,relu3,1.0239999741315842e-05,0.0,12845056.0,"[16, 128, 28, 28]","[16, 128, 28, 28]"
224,16,False,conv4,6.256639957427979e-05,822083584.0,19398656.0,"[16, 128, 28, 28]","[16, 256, 28, 28]"
224,16,False,relu4,3.1641599535942075e-05,0.0,25690112.0,"[16, 256, 28, 28]","[16, 256, 28, 28]"
224,16,False,conv5,0.0002998271942138672,3699376128.0,18415616.0,"[16, 256, 28, 28]","[16, 256, 14, 14]"
224,16,False,relu5,3.2703999429941177e-06,0.0,6422528.0,"[16, 256, 14, 14]","[16, 256, 14, 14]"
224,16,False,conv6,6.716160178184509e-05,822083584.0,10158080.0,"[16, 256, 14, 14]","[16, 512, 14, 14]"
224,16,False,relu6,1.032639965415001e-05,0.0,12845056.0,"[16, 512, 14, 14]","[16, 512, 14, 14]"
224,16,False,avgpool,7.372800260782241e-06,1605632.0,6455296.0,"[16, 512, 14, 14]","[16, 512, 1, 1]"
224,16,False,fc1,5.939200147986412e-06,4198400.0,574464.0,"[16, 512]","[16, 256]"
224,16,False,relu7,1.331199984997511e-06,0.0,32768.0,"[16, 256]","[16, 256]"
224,16,False,fc2,3.1679999083280564e-06,820800.0,125584.0,"[16, 256]","[16, 100]"
272,32,True,conv1,0.0005683199882507324,5568331776.0,104188288.0,"[32, 3, 272, 272]","[32, 32, 136, 136]"
272,32,True,relu1,0.00018073600530624391,0.0,151519232.0,"[32, 32, 136, 136]","[32, 32, 136, 136]"
272,32,True,pool,0.0001575935959815979,0.0,94699520.0,"[32, 32, 136, 136]","[32, 32, 68, 68]"
272,32,True,conv2,0.000849510383605957,15151923200.0,57024512.0,"[32, 32, 68, 68]","[32, 64, 68, 68]"
272,32,True,relu2,9.123839735984802e-05,0.0,75759616.0,"[32, 64, 68, 68]","[32, 64, 68, 68]"
272,32,True,conv3,0.0003881983995437622,5454692352.0,57114624.0,"[32, 64, 68, 68]","[32, 128, 34, 34]"
272,32,True,relu3,4.648959934711456e-05,0.0,37879808.0,"[32, 128, 34, 34]","[32, 128, 34, 34]"
272,32,True,conv4,0.0001639423966407776,2424307712.0,56950784.0,"[32, 128, 34, 34]","[32, 256, 34, 34]"
272,32,True,relu4,9.113600254058839e-05,0.0,75759616.0,"[32, 256, 34, 34]","[32, 256, 34, 34]"
272,32,True,conv5,0.0006681600093841552,10909384704.0,49709056.0,"[32, 256, 34, 34]","[32, 256, 17, 17]"
272,32,True,relu5,2.385919988155365e-05,0.0,18939904.0,"[32, 256, 17, 17]","[32, 256, 17, 17]"
272,32,True,conv6,0.00022732799053192136,2424307712.0,28934144.0,"[32, 256, 17, 17]","[32, 512, 17, 17]"
272,32,True,relu6,4.638719856739044e-05,0.0,37879808.0,"[32, 512, 17, 17]","[32, 512, 17, 17]"
272,32,True,avgpool,3.112959861755371e-05,4734976.0,19005440.0,"[32, 512, 17, 17]","[32, 512, 1, 1]"
272,32,True,fc1,8.99519994854927e-06,8396800.0,623616.0,"[32, 512]","[32, 256]"
272,32,True,relu7,1.7343999817967413e-06,0.0,65536.0,"[32, 256]","[32, 256]"
272,32,True,fc2,1.0956799983978272e-05,1641600.0,148368.0,"[32, 256]","[32, 100]"
64,2,False,conv1,8.687999844551086e-06,19267584.0,379264.0,"[2, 3, 64, 64]","[2, 32, 32, 32]"
64,2,False,relu1,1.4336000196635723e-06,0.0,524288.0,"[2, 32, 32, 32]","[2, 32, 32, 32]"
64,2,False,pool,2.764800004661083e-06,0.0,327680.0,"[2, 32, 32, 32]","[2, 32, 16, 16]"
64,2,False,conv2,4.2905598878860474e-05,52428800.0,401408.0,"[2, 32, 16, 16]","[2, 64, 16, 16]"
64,2,False,relu2,1.331199984997511e-06,0.0,262144.0,"[2, 64, 16, 16]","[2, 64, 16, 16]"
64,2,False,conv3,2.447360008955002e-05,18874368.0,491520.0,"[2, 64, 16, 16]","[2, 128, 8, 8]"
64,2,False,relu3,1.3183999806642533e-06,0.0,131072.0,"[2, 128, 8, 8]","[2, 128, 8, 8]"
64,2,False,conv4,6.963200122117997e-06,8388608.0,327680.0,"[2, 128, 8, 8]","[2, 256, 8, 8]"
64,2,False,relu4,1.331199984997511e-06,0.0,262144.0,"[2, 256, 8, 8]","[2, 256, 8, 8]"
64,2,False,conv5,9.164800047874451e-05,37748736.0,2523136.0,"[2, 256, 8, 8]","[2, 256, 4, 4]"
64,2,False,relu5,1.228800043463707e-06,0.0,65536.0,"[2, 256, 4, 4]","[2, 256, 4, 4]"
64,2,False,conv6,2.5292798876762388e-05,8388608.0,622592.0,"[2, 256, 4, 4]","[2, 512, 4, 4]"
64,2,False,relu6,1.3088000006973744e-06,0.0,131072.0,"[2, 512, 4, 4]","[2, 512, 4, 4]"
64,2,False,avgpool,1.945599913597107e-06,16384.0,69632.0,"[2, 512, 4, 4]","[2, 512, 1, 1]"
64,2,False,fc1,3.142400085926056e-06,524800.0,531456.0,"[2, 512]","[2, 256]"
64,2,False,relu7,1.408000010997057e-06,0.0,4096.0,"[2, 256]","[2, 256]"
64,2,False,fc2,2.15039998292923e-06,102600.0,105648.0,"[2, 256]","[2, 100]"
352,128,True,conv1,0.0038647808074951167,37302042624.0,697846144.0,"[128, 3, 352, 352]","[128, 32, 176, 176]"
352,128,True,relu1,0.0011999135971069335,0.0,1015021568.0,"[128, 32, 176, 176]","[128, 32, 176, 176]"
352,128,True,pool,0.001039667224884033,0.0,634388480.0,"[128, 32, 176, 176]","[128, 32, 88, 88]"
352,128,True,conv2,0.005350912094116211,101502156800.0,380837888.0,"[128, 32, 88, 88]","[128, 64, 88, 88]"
352,128,True,relu2,0.0006005760192871094,0.0,507510784.0,"[128, 64, 88, 88]","[128, 64, 88, 88]"
352,128,True,conv3,0.002169856071472168,36540776448.0,380928000.0,"[128, 64, 88, 88]","[128, 128, 44, 44]"
352,128,True,relu3,0.0003014656066894531,0.0,253755392.0,"[128, 128, 44, 44]","[128, 128, 44, 44]"
352,128,True,conv4,0.0009876192092895509,16240345088.0,380764160.0,"[128, 128, 44, 44]","[128, 256, 44, 44]"
352,128,True,relu4,0.0006006783962249756,0.0,507510784.0,"[128, 256, 44, 44]","[128, 256, 44, 44]"
352,128,True,conv5,0.003961651229858398,73081552896.0,319553536.0,"[128, 256, 44, 44]","[128, 256, 22, 22]"
352,128,True,relu5,0.0001517567992210388,0.0,126877696.0,"[128, 256, 22, 22]","[128, 256, 22, 22]"
352,128,True,conv6,0.0009139200210571289,16240345088.0,190840832.0,"[128, 256, 22, 22]","[128, 512, 22, 22]"
352,128,True,relu6,0.000301363205909729,0.0,253755392.0,"[128, 512, 22, 22]","[128, 512, 22, 22]"
352,128,True,avgpool,0.00014724800586700442,31719424.0,127139840.0,"[128, 512, 22, 22]","[128, 512, 1, 1]"
352,128,True,fc1,9.011200070381165e-06,33587200.0,918528.0,"[128, 512]","[128, 256]"
352,128,True,relu7,1.5072000212967395e-06,0.0,262144.0,"[128, 256]","[128, 256]"
352,128,True,fc2,6.451199948787689e-06,6566400.0,285072.0,"[128, 256]","[128, 100]"
32,8,False,conv1,7.958400249481201e-06,19267584.0,379264.0,"[8, 3, 32, 32]","[8, 32, 16, 16]"
32,8,False,relu1,1.331199984997511e-06,0.0,524288.0,"[8, 32, 16, 16]","[8, 32, 16, 16]"
32,8,False,pool,2.5599999353289604e-06,0.0,327680.0,"[8, 32, 16, 16]","[8, 32, 8, 8]"
32,8,False,conv2,1.945279985666275e-05,52428800.0,401408.0,"[8, 32, 8, 8]","[8, 64, 8, 8]"
32,8,False,relu2,1.3055999763309954e-06,0.0,262144.0,"[8, 64, 8, 8]","[8, 64, 8, 8]"
32,8,False,conv3,2.3756800591945647e-05,18874368.0,491520.0,"[8, 64, 8, 8]","[8, 128, 4, 4]"
32,8,False,relu3,1.331199984997511e-06,0.0,131072.0,"[8, 128, 4, 4]","[8, 128, 4, 4]"
32,8,False,conv4,1.5865600109100343e-05,8388608.0,327680.0,"[8, 128, 4, 4]","[8, 256, 4, 4]"
32,8,False,relu4,1.228800043463707e-06,0.0,262144.0,"[8, 256, 4, 4]","[8, 256, 4, 4]"
32,8,False,conv5,9.040639996528625e-05,37748736.0,2523136.0,"[8, 256, 4, 4]","[8, 256, 2, 2]"
32,8,False,relu5,1.228800043463707e-06,0.0,65536.0,"[8, 256, 2, 2]","[8, 256, 2, 2]"
32,8,False,conv6,1.1952000111341476e-05,8388608.0,622592.0,"[8, 256, 2, 2]","[8, 512, 2, 2]"
32,8,False,relu6,1.228800043463707e-06,0.0,131072.0,"[8, 512, 2, 2]","[8, 512, 2, 2]"
32,8,False,avgpool,1.9231999292969703e-06,16384.0,81920.0,"[8, 512, 2, 2]","[8, 512, 1, 1]"
32,8,False,fc1,4.5951999723911284e-06,2099200.0,549888.0,"[8, 512]","[8, 256]"
32,8,False,relu7,1.228800043463707e-06,0.0,16384.0,"[8, 256]","[8, 256]"
32,8,False,fc2,2.8672000393271445e-06,410400.0,114192.0,"[8, 256]","[8, 100]"
512,2,False,conv1,0.00011202559471130372,1233125376.0,23087488.0,"[2, 3, 512, 512]","[2, 32, 256, 256]"
512,2,False,relu1,4.095999896526337e-05,0.0,33554432.0,"[2, 32, 256, 256]","[2, 32, 256, 256]"
512,2,False,pool,3.787840008735657e-05,0.0,20971520.0,"[2, 32, 256, 256]","[2, 32, 128, 128]"
512,2,False,conv2,0.00022476799488067625,3355443200.0,12787712.0,"[2, 32, 128, 128]","[2, 64, 128, 128]"
512,2,False,relu2,2.0479999482631683e-05,0.0,16777216.0,"[2, 64, 128, 128]","[2, 64, 128, 128]"
512,2,False,conv3,7.854080200195312e-05,1207959552.0,12877824.0,"[2, 64, 128, 128]","[2, 128, 64, 64]"
512,2,False,relu3,4.0927998721599575e-06,0.0,8388608.0,"[2, 128, 64, 64]","[2, 128, 64, 64]"
512,2,False,conv4,5.509120225906372e-05,536870912.0,12713984.0,"[2, 128, 64, 64]","[2, 256, 64, 64]"
512,2,False,relu4,2.045760005712509e-05,0.0,16777216.0,"[2, 256, 64, 64]","[2, 256, 64, 64]"
512,2,False,conv5,0.0002102272033691406,2415919104.0,12845056.0,"[2, 256, 64, 64]","[2, 256, 32, 32]"
512,2,False,relu5,2.4383999407291412e-06,0.0,4194304.0,"[2, 256, 32, 32]","[2, 256, 32, 32]"
512,2,False,conv6,5.0585597753524776e-05,536870912.0,6815744.0,"[2, 256, 32, 32]","[2, 512, 32, 32]"
512,2,False,relu6,3.971200063824654e-06,0.0,8388608.0,"[2, 512, 32, 32]","[2, 512, 32, 32]"
512,2,False,avgpool,3.891199827194214e-06,1048576.0,4198400.0,"[2, 512, 32, 32]","[2, 512, 1, 1]"
512,2,False,fc1,3.174399957060814e-06,524800.0,531456.0,"[2, 512]","[2, 256]"
512,2,False,relu7,1.4015999622642994e-06,0.0,4096.0,"[2, 256]","[2, 256]"
512,2,False,fc2,2.15039998292923e-06,102600.0,105648.0,"[2, 256]","[2, 100]"
224,64,False,conv1,0.0008000512123107911,7552892928.0,141314432.0,"[64, 3, 224, 224]","[64, 32, 112, 112]"
224,64,False,relu1,0.00024442880153656004,0.0,205520896.0,"[64, 32, 112, 112]","[64, 32, 112, 112]"
224,64,False,pool,0.0002110464096069336,0.0,128450560.0,"[64, 32, 112, 112]","[64, 32, 56, 56]"
224,64,False,conv2,0.0011272192001342773,20552089600.0,77275136.0,"[64, 32, 56, 56]","[64, 64, 56, 56]"
224,64,False,relu2,0.00012318719625473024,0.0,102760448.0,"[64, 64, 56, 56]","[64, 64, 56, 56]"
224,64,False,conv3,0.0004717567920684815,7398752256.0,77365248.0,"[64, 64, 56, 56]","[64, 128, 28, 28]"
224,64,False,relu3,6.245440244674684e-05,0.0,51380224.0,"[64, 128, 28, 28]","[64, 128, 28, 28]"
224,64,False,conv4,0.00020326399803161622,3288334336.0,77201408.0,"[64, 128, 28, 28]","[64, 256, 28, 28]"
224,64,False,relu4,0.0001230847954750061,0.0,102760448.0,"[64, 256, 28, 28]","[64, 256, 28, 28]"
224,64,False,conv5,0.0008279808044433593,14797504512.0,66584576.0,"[64, 256, 28, 28]","[64, 256, 14, 14]"
224,64,False,relu5,3.17440003156662e-05,0.0,25690112.0,"[64, 256, 14, 14]","[64, 256, 14, 14]"
224,64,False,conv6,0.0001790976047515869,3288334336.0,39059456.0,"[64, 256, 14, 14]","[64, 512, 14, 14]"
224,64,False,relu6,6.225919723510743e-05,0.0,51380224.0,"[64, 512, 14, 14]","[64, 512, 14, 14]"
224,64,False,avgpool,3.347199857234955e-05,6422528.0,25821184.0,"[64, 512, 14, 14]","[64, 512, 1, 1]"
224,64,False,fc1,8.499199897050858e-06,16793600.0,721920.0,"[64, 512]","[64, 256]"
224,64,False,relu7,1.5359999611973762e-06,0.0,131072.0,"[64, 256]","[64, 256]"
224,64,False,fc2,9.523200243711471e-06,3283200.0,193936.0,"[64, 256]","[64, 100]"
400,2,True,conv1,7.198719978332519e-05,752640000.0,14098816.0,"[2, 3, 400, 400]","[2, 32, 200, 200]"
400,2,True,relu1,2.560000121593475e-05,0.0,20480000.0,"[2, 32, 200, 200]","[2, 32, 200, 200]"
400,2,True,pool,2.3744000494480133e-05,0.0,12800000.0,"[2, 32, 200, 200]","[2, 32, 100, 100]"
400,2,True,conv2,0.00010751999616622926,2048000000.0,7884800.0,"[2, 32, 100, 100]","[2, 64, 100, 100]"
400,2,True,relu2,4.9056001007556915e-06,0.0,10240000.0,"[2, 64, 100, 100]","[2, 64, 100, 100]"
400,2,True,conv3,5.724160075187684e-05,737280000.0,7974912.0,"[2, 64, 100, 100]","[2, 128, 50, 50]"
400,2,True,relu3,2.662399969995022e-06,0.0,5120000.0,"[2, 128, 50, 50]","[2, 128, 50, 50]"
400,2,True,conv4,3.860479891300201e-05,327680000.0,7811072.0,"[2, 128, 50, 50]","[2, 256, 50, 50]"
400,2,True,relu4,5.017599835991859e-06,0.0,10240000.0,"[2, 256, 50, 50]","[2, 256, 50, 50]"
400,2,True,conv5,0.0002748415946960449,1474560000.0,8759296.0,"[2, 256, 50, 50]","[2, 256, 25, 25]"
400,2,True,relu5,2.0479999482631684e-06,0.0,2560000.0,"[2, 256, 25, 25]","[2, 256, 25, 25]"
400,2,True,conv6,3.409920036792755e-05,327680000.0,4364288.0,"[2, 256, 25, 25]","[2, 512, 25, 25]"
400,2,True,relu6,2.639999985694885e-06,0.0,5120000.0,"[2, 512, 25, 25]","[2, 512, 25, 25]"
400,2,True,avgpool,3.2767999917268756e-06,640000.0,2564096.0,"[2, 512, 25, 25]","[2, 512, 1, 1]"
400,2,True,fc1,3.174399957060814e-06,524800.0,531456.0,"[2, 512]","[2, 256]"
400,2,True,relu7,1.4015999622642994e-06,0.0,4096.0,"[2, 256]","[2, 256]"
400,2,True,fc2,2.15039998292923e-06,102600.0,105648.0,"[2, 256]","[2, 100]"
128,179,True,conv1,0.0006788095951080322,6897795072.0,129059200.0,"[179, 3, 128, 128]","[179, 32, 64, 64]"
128,179,True,relu1,0.000223638391494751,0.0,187695104.0,"[179, 32, 64, 64]","[179, 32, 64, 64]"
128,179,True,pool,0.00019494080543518066,0.0,117309440.0,"[179, 32, 64, 64]","[179, 32, 32, 32]"
128,179,True,conv2,0.0010263360023498535,18769510400.0,70590464.0,"[179, 32, 32, 32]","[179, 64, 32, 32]"
128,179,True,relu2,0.00011263999938964843,0.0,93847552.0,"[179, 64, 32, 32]","[179, 64, 32, 32]"
128,179,True,conv3,0.00035468480587005615,6757023744.0,70680576.0,"[179, 64, 32, 32]","[179, 128, 16, 16]"
128,179,True,relu3,5.713919997215271e-05,0.0,46923776.0,"[179, 128, 16, 16]","[179, 128, 16, 16]"
128,179,True,conv4,0.00017745920419692994,3003121664.0,70516736.0,"[179, 128, 16, 16]","[179, 256, 16, 16]"
128,179,True,relu4,0.00011253759860992431,0.0,93847552.0,"[179, 256, 16, 16]","[179, 256, 16, 16]"
128,179,True,conv5,0.0007977983951568603,13514047488.0,61014016.0,"[179, 256, 16, 16]","[179, 256, 8, 8]"
128,179,True,relu5,2.9183998703956602e-05,0.0,23461888.0,"[179, 256, 8, 8]","[179, 256, 8, 8]"
128,179,True,conv6,0.00016413120031356812,3003121664.0,35717120.0,"[179, 256, 8, 8]","[179, 512, 8, 8]"
128,179,True,relu6,5.7036799192428586e-05,0.0,46923776.0,"[179, 512, 8, 8]","[179, 512, 8, 8]"
128,179,True,avgpool,4.095360040664673e-05,5865472.0,23828480.0,"[179, 512, 8, 8]","[179, 512, 1, 1]"
128,179,True,fc1,1.1059200018644333e-05,46969600.0,1075200.0,"[179, 512]","[179, 256]"
128,179,True,relu7,1.6383999958634378e-06,0.0,366592.0,"[179, 256]","[179, 256]"
128,179,True,fc2,7.2704002261161795e-06,9182700.0,357696.0,"[179, 256]","[179, 100]"
512,32,False,conv1,0.002026495933532715,19730006016.0,369117568.0,"[32, 3, 512, 512]","[32, 32, 256, 256]"
512,32,False,relu1,0.0006355807781219482,0.0,536870912.0,"[32, 32, 256, 256]","[32, 32, 256, 256]"
512,32,False,pool,0.0005692416191101074,0.0,335544320.0,"[32, 32, 256, 256]","[32, 32, 128, 128]"
512,32,False,conv2,0.0028165119171142576,53687091200.0,201531392.0,"[32, 32, 128, 128]","[32, 64, 128, 128]"
512,32,False,relu2,0.00031877119541168214,0.0,268435456.0,"[32, 64, 128, 128]","[32, 64, 128, 128]"
512,32,False,conv3,0.0010888192176818847,19327352832.0,201621504.0,"[32, 64, 128, 128]","[32, 128, 64, 64]"
512,32,False,relu3,0.00016025600433349608,0.0,134217728.0,"[32, 128, 64, 64]","[32, 128, 64, 64]"
512,32,False,conv4,0.00047656960487365717,8589934592.0,201457664.0,"[32, 128, 64, 64]","[32, 256, 64, 64]"
512,32,False,relu4,0.00031877119541168214,0.0,268435456.0,"[32, 256, 64, 64]","[32, 256, 64, 64]"
512,32,False,conv5,0.002132377624511719,38654705664.0,170131456.0,"[32, 256, 64, 64]","[32, 256, 32, 32]"
512,32,False,relu5,8.109440207481384e-05,0.0,67108864.0,"[32, 256, 32, 32]","[32, 256, 32, 32]"
512,32,False,conv6,0.0004380671977996826,8589934592.0,101187584.0,"[32, 256, 32, 32]","[32, 512, 32, 32]"
512,32,False,relu6,0.00016046080589294433,0.0,134217728.0,"[32, 512, 32, 32]","[32, 512, 32, 32]"
512,32,False,avgpool,7.882879972457886e-05,16777216.0,67174400.0,"[32, 512, 32, 32]","[32, 512, 1, 1]"
512,32,False,fc1,7.561600208282471e-06,8396800.0,623616.0,"[32, 512]","[32, 256]"
512,32,False,relu7,1.4336000196635723e-06,0.0,65536.0,"[32, 256]","[32, 256]"
512,32,False,fc2,9.216000139713287e-06,1641600.0,148368.0,"[32, 256]","[32, 100]"
272,8,True,conv1,0.0001267583966255188,1392082944.0,26061184.0,"[8, 3, 272, 272]","[8, 32, 136, 136]"
272,8,True,relu1,4.638719856739044e-05,0.0,37879808.0,"[8, 32, 136, 136]","[8, 32, 136, 136]"
272,8,True,pool,4.1574400663375855e-05,0.0,23674880.0,"[8, 32, 136, 136]","[8, 32, 68, 68]"
272,8,True,conv2,0.0002223072052001953,3787980800.0,14409728.0,"[8, 32, 68, 68]","[8, 64, 68, 68]"
272,8,True,relu2,2.3756800591945647e-05,0.0,18939904.0,"[8, 64, 68, 68]","[8, 64, 68, 68]"
272,8,True,conv3,0.00010629119873046876,1363673088.0,14499840.0,"[8, 64, 68, 68]","[8, 128, 34, 34]"
272,8,True,relu3,4.608000069856643e-06,0.0,9469952.0,"[8, 128, 34, 34]","[8, 128, 34, 34]"
272,8,True,conv4,4.0345600247383117e-05,606076928.0,14336000.0,"[8, 128, 34, 34]","[8, 256, 34, 34]"
272,8,True,relu4,2.385919988155365e-05,0.0,18939904.0,"[8, 256, 34, 34]","[8, 256, 34, 34]"
272,8,True,conv5,0.00022075200080871584,2727346176.0,14196736.0,"[8, 256, 34, 34]","[8, 256, 17, 17]"
272,8,True,relu5,2.646400034427643e-06,0.0,4734976.0,"[8, 256, 17, 17]","[8, 256, 17, 17]"
272,8,True,conv6,3.676159977912903e-05,606076928.0,7626752.0,"[8, 256, 17, 17]","[8, 512, 17, 17]"
272,8,True,relu6,4.4032000005245205e-06,0.0,9469952.0,"[8, 512, 17, 17]","[8, 512, 17, 17]"
272,8,True,avgpool,5.734400078654289e-06,1183744.0,4751360.0,"[8, 512, 17, 17]","[8, 512, 1, 1]"
272,8,True,fc1,4.915200173854828e-06,2099200.0,549888.0,"[8, 512]","[8, 256]"
272,8,True,relu7,1.331199984997511e-06,0.0,16384.0,"[8, 256]","[8, 256]"
272,8,True,fc2,3.062400035560131e-06,410400.0,114192.0,"[8, 256]","[8, 100]"
272,2,True,conv1,3.7580800056457515e-05,348020736.0,6529408.0,"[2, 3, 272, 272]","[2, 32, 136, 136]"
272,2,True,relu1,4.198399931192399e-06,0.0,9469952.0,"[2, 32, 136, 136]","[2, 32, 136, 136]"
272,2,True,pool,1.135680004954338e-05,0.0,5918720.0,"[2, 32, 136, 136]","[2, 32, 68, 68]"
272,2,True,conv2,7.557119727134704e-05,946995200.0,3756032.0,"[2, 32, 68, 68]","[2, 64, 68, 68]"
272,2,True,relu2,2.4447999894618986e-06,0.0,4734976.0,"[2, 64, 68, 68]","[2, 64, 68, 68]"
272,2,True,conv3,4.116480052471161e-05,340918272.0,3846144.0,"[2, 64, 68, 68]","[2, 128, 34, 34]"
272,2,True,relu3,1.8432000651955603e-06,0.0,2367488.0,"[2, 128, 34, 34]","[2, 128, 34, 34]"
272,2,True,conv4,2.2015999257564543e-05,151519232.0,3682304.0,"[2, 128, 34, 34]","[2, 256, 34, 34]"
272,2,True,relu4,2.3552000522613525e-06,0.0,4734976.0,"[2, 256, 34, 34]","[2, 256, 34, 34]"
272,2,True,conv5,9.226239919662475e-05,681836544.0,5318656.0,"[2, 256, 34, 34]","[2, 256, 17, 17]"
272,2,True,relu5,1.5359999611973762e-06,0.0,1183744.0,"[2, 256, 17, 17]","[2, 256, 17, 17]"
272,2,True,conv6,1.9046400487422942e-05,151519232.0,2299904.0,"[2, 256, 17, 17]","[2, 512, 17, 17]"
272,2,True,relu6,1.8432000651955603e-06,0.0,2367488.0,"[2, 512, 17, 17]","[2, 512, 17, 17]"
272,2,True,avgpool,2.764800004661083e-06,295936.0,1187840.0,"[2, 512, 17, 17]","[2, 512, 1, 1]"
272,2,True,fc1,3.0719999223947524e-06,524800.0,531456.0,"[2, 512]","[2, 256]"
272,2,True,relu7,1.4047999866306781e-06,0.0,4096.0,"[2, 256]","[2, 256]"
272,2,True,fc2,2.15039998292923e-06,102600.0,105648.0,"[2, 256]","[2, 100]"
256,179,True,conv1,0.002836479949951172,27591180288.0,516180352.0,"[179, 3, 256, 256]","[179, 32, 128, 128]"
256,179,True,relu1,0.0008881919860839844,0.0,750780416.0,"[179, 32, 128, 128]","[179, 32, 128, 128]"
256,179,True,pool,0.0007993343830108643,0.0,469237760.0,"[179, 32, 128, 128]","[179, 32, 64, 64]"
256,179,True,conv2,0.0039490558624267575,75078041600.0,281747456.0,"[179, 32, 64, 64]","[179, 64, 64, 64]"
256,179,True,relu2,0.00044472317695617677,0.0,375390208.0,"[179, 64, 64, 64]","[179, 64, 64, 64]"
256,179,True,conv3,0.0015154175758361817,27028094976.0,281837568.0,"[179, 64, 64, 64]","[179, 128, 32, 32]"
256,179,True,relu3,0.00022353920936584473,0.0,187695104.0,"[179, 128, 32, 32]","[179, 128, 32, 32]"
256,179,True,conv4,0.0007716864109039306,12012486656.0,281673728.0,"[179, 128, 32, 32]","[179, 256, 32, 32]"
256,179,True,relu4,0.0004448256015777588,0.0,375390208.0,"[179, 256, 32, 32]","[179, 256, 32, 32]"
256,179,True,conv5,0.0029583295822143553,54056189952.0,236978176.0,"[179, 256, 32, 32]","[179, 256, 16, 16]"
256,179,True,relu5,0.00011263999938964843,0.0,93847552.0,"[179, 256, 16, 16]","[179, 256, 16, 16]"
256,179,True,conv6,0.0006434815883636475,12012486656.0,141295616.0,"[179, 256, 16, 16]","[179, 512, 16, 16]"
256,179,True,relu6,0.00022343680858612062,0.0,187695104.0,"[179, 512, 16, 16]","[179, 512, 16, 16]"
256,179,True,avgpool,0.00010936319828033447,23461888.0,94214144.0,"[179, 512, 16, 16]","[179, 512, 1, 1]"
256,179,True,fc1,1.104319989681244e-05,46969600.0,1075200.0,"[179, 512]","[179, 256]"
256,179,True,relu7,1.7216000705957414e-06,0.0,366592.0,"[179, 256]","[179, 256]"
256,179,True,fc2,7.372800260782241e-06,9182700.0,357696.0,"[179, 256]","[179, 100]"
64,1,False,conv1,7.878399640321732e-06,9633792.0,199040.0,"[1, 3, 64, 64]","[1, 32, 32, 32]"
64,1,False,relu1,1.331199984997511e-06,0.0,262144.0,"[1, 32, 32, 32]","[1, 32, 32, 32]"
64,1,False,pool,2.5599999353289604e-06,0.0,163840.0,"[1, 32, 32, 32]","[1, 32, 16, 16]"
64,1,False,conv2,3.3792001008987427e-05,26214400.0,303104.0,"[1, 32, 16, 16]","[1, 64, 16, 16]"
64,1,False,relu2,1.228800043463707e-06,0.0,131072.0,"[1, 64, 16, 16]","[1, 64, 16, 16]"
64,1,False,conv3,2.3552000522613525e-05,9437184.0,393216.0,"[1, 64, 16, 16]","[1, 128, 8, 8]"
64,1,False,relu3,1.228800043463707e-06,0.0,65536.0,"[1, 128, 8, 8]","[1, 128, 8, 8]"
64,1,False,conv4,7.065600156784058e-06,4194304.0,229376.0,"[1, 128, 8, 8]","[1, 256, 8, 8]"
64,1,False,relu4,1.228800043463707e-06,0.0,131072.0,"[1, 256, 8, 8]","[1, 256, 8, 8]"
64,1,False,conv5,8.785600066184998e-05,18874368.0,2441216.0,"[1, 256, 8, 8]","[1, 256, 4, 4]"
64,1,False,relu5,1.228800043463707e-06,0.0,32768.0,"[1, 256, 4, 4]","[1, 256, 4, 4]"
64,1,False,conv6,2.497279942035675e-05,4194304.0,573440.0,"[1, 256, 4, 4]","[1, 512, 4, 4]"
64,1,False,relu6,1.228800043463707e-06,0.0,65536.0,"[1, 512, 4, 4]","[1, 512, 4, 4]"
64,1,False,avgpool,1.945599913597107e-06,8192.0,34816.0,"[1, 512, 4, 4]","[1, 512, 1, 1]"
64,1,False,fc1,3.174399957060814e-06,262400.0,528384.0,"[1, 512]","[1, 256]"
64,1,False,relu7,1.3183999806642533e-06,0.0,2048.0,"[1, 256]","[1, 256]"
64,1,False,fc2,2.639999985694885e-06,51300.0,104224.0,"[1, 256]","[1, 100]"
256,29,True,conv1,0.00043304958343505864,4470079488.0,83642752.0,"[29, 3, 256, 256]","[29, 32, 128, 128]"
256,29,True,relu1,0.00014561280012130739,0.0,121634816.0,"[29, 32, 128, 128]","[29, 32, 128, 128]"
256,29,True,pool,0.00012810239791870116,0.0,76021760.0,"[29, 32, 128, 128]","[29, 32, 64, 64]"
256,29,True,conv2,0.0006693632125854492,12163481600.0,45817856.0,"[29, 32, 64, 64]","[29, 64, 64, 64]"
256,29,True,relu2,7.352319955825806e-05,0.0,60817408.0,"[29, 64, 64, 64]","[29, 64, 64, 64]"
256,29,True,conv3,0.0002934783935546875,4378853376.0,45907968.0,"[29, 64, 64, 64]","[29, 128, 32, 32]"
256,29,True,relu3,3.7567999958992e-05,0.0,30408704.0,"[29, 128, 32, 32]","[29, 128, 32, 32]"
256,29,True,conv4,0.0001175552010536194,1946157056.0,45744128.0,"[29, 128, 32, 32]","[29, 256, 32, 32]"
256,29,True,relu4,7.352319955825806e-05,0.0,60817408.0,"[29, 256, 32, 32]","[29, 256, 32, 32]"
256,29,True,conv5,0.00046018562316894527,8757706752.0,40370176.0,"[29, 256, 32, 32]","[29, 256, 16, 16]"
256,29,True,relu5,1.8329599499702454e-05,0.0,15204352.0,"[29, 256, 16, 16]","[29, 256, 16, 16]"
256,29,True,conv6,0.00010926079750061034,1946157056.0,23330816.0,"[29, 256, 16, 16]","[29, 512, 16, 16]"
256,29,True,relu6,3.756160140037537e-05,0.0,30408704.0,"[29, 512, 16, 16]","[29, 512, 16, 16]"
256,29,True,avgpool,1.9968000054359436e-05,3801088.0,15263744.0,"[29, 512, 16, 16]","[29, 512, 1, 1]"
256,29,True,fc1,7.680000364780427e-06,7609600.0,614400.0,"[29, 512]","[29, 256]"
256,29,True,relu7,1.5359999611973762e-06,0.0,59392.0,"[29, 256]","[29, 256]"
256,29,True,fc2,9.31840017437935e-06,1487700.0,144096.0,"[29, 256]","[29, 100]"
400,56,True,conv1,0.0021572608947753908,21073920000.0,394258816.0,"[56, 3, 400, 400]","[56, 32, 200, 200]"
400,56,True,relu1,0.0006788095951080322,0.0,573440000.0,"[56, 32, 200, 200]","[56, 32, 200, 200]"
400,56,True,pool,0.0005900288105010986,0.0,358400000.0,"[56, 32, 200, 200]","[56, 32, 100, 100]"
400,56,True,conv2,0.0030499839782714847,57344000000.0,215244800.0,"[56, 32, 100, 100]","[56, 64, 100, 100]"
400,56,True,relu2,0.00034017279148101806,0.0,286720000.0,"[56, 64, 100, 100]","[56, 64, 100, 100]"
400,56,True,conv3,0.0011808768272399902,20643840000.0,215334912.0,"[56, 64, 100, 100]","[56, 128, 50, 50]"
400,56,True,relu3,0.00017111040353775026,0.0,143360000.0,"[56, 128, 50, 50]","[56, 128, 50, 50]"
400,56,True,conv4,0.0005686272144317628,9175040000.0,215171072.0,"[56, 128, 50, 50]","[56, 256, 50, 50]"
400,56,True,relu4,0.0003403775930404663,0.0,286720000.0,"[56, 256, 50, 50]","[56, 256, 50, 50]"
400,56,True,conv5,0.0023006208419799807,41287680000.0,181559296.0,"[56, 256, 50, 50]","[56, 256, 25, 25]"
400,56,True,relu5,8.652799725532531e-05,0.0,71680000.0,"[56, 256, 25, 25]","[56, 256, 25, 25]"
400,56,True,conv6,0.0004839424133300781,9175040000.0,108044288.0,"[56, 256, 25, 25]","[56, 512, 25, 25]"
400,56,True,relu6,0.00017131520509719848,0.0,143360000.0,"[56, 512, 25, 25]","[56, 512, 25, 25]"
400,56,True,avgpool,8.529919981956482e-05,17920000.0,71794688.0,"[56, 512, 25, 25]","[56, 512, 1, 1]"
400,56,True,fc1,8.396799862384797e-06,14694400.0,697344.0,"[56, 512]","[56, 256]"
400,56,True,relu7,1.5200000256299973e-06,0.0,114688.0,"[56, 256]","[56, 256]"
400,56,True,fc2,9.42080020904541e-06,2872800.0,182544.0,"[56, 256]","[56, 100]"
512,64,False,conv1,0.004002304077148437,39460012032.0,738216320.0,"[64, 3, 512, 512]","[64, 32, 256, 256]"
512,64,False,relu1,0.0012698623657226562,0.0,1073741824.0,"[64, 32, 256, 256]","[64, 32, 256, 256]"
512,64,False,pool,0.0011289600372314454,0.0,671088640.0,"[64, 32, 256, 256]","[64, 32, 128, 128]"
512,64,False,conv2,0.005649894332885742,107374182400.0,402857984.0,"[64, 32, 128, 128]","[64, 64, 128, 128]"
512,64,False,relu2,0.000635587215423584,0.0,536870912.0,"[64, 64, 128, 128]","[64, 64, 128, 128]"
512,64,False,conv3,0.002146713638305664,38654705664.0,402948096.0,"[64, 64, 128, 128]","[64, 128, 64, 64]"
512,64,False,relu3,0.00031887359619140626,0.0,268435456.0,"[64, 128, 64, 64]","[64, 128, 64, 64]"
512,64,False,conv4,0.0010279935836791992,17179869184.0,402784256.0,"[64, 128, 64, 64]","[64, 256, 64, 64]"
512,64,False,relu4,0.0006359871864318848,0.0,536870912.0,"[64, 256, 64, 64]","[64, 256, 64, 64]"
512,64,False,conv5,0.0041203712463378905,77309411328.0,337903616.0,"[64, 256, 64, 64]","[64, 256, 32, 32]"
512,64,False,relu5,0.00016046080589294433,0.0,134217728.0,"[64, 256, 32, 32]","[64, 256, 32, 32]"
512,64,False,conv6,0.0009468768119812012,17179869184.0,201850880.0,"[64, 256, 32, 32]","[64, 512, 32, 32]"
512,64,False,relu6,0.00031876161098480223,0.0,268435456.0,"[64, 512, 32, 32]","[64, 512, 32, 32]"
512,64,False,avgpool,0.00015389440059661866,33554432.0,134348800.0,"[64, 512, 32, 32]","[64, 512, 1, 1]"
512,64,False,fc1,8.089599758386611e-06,16793600.0,721920.0,"[64, 512]","[64, 256]"
512,64,False,relu7,1.4336000196635723e-06,0.0,131072.0,"[64, 256]","[64, 256]"
512,64,False,fc2,9.011200070381165e-06,3283200.0,193936.0,"[64, 256]","[64, 100]"
272,128,True,conv1,0.0022930368423461915,22273327104.0,416696704.0,"[128, 3, 272, 272]","[128, 32, 136, 136]"
272,128,True,relu1,0.0007175072193145752,0.0,606076928.0,"[128, 32, 136, 136]","[128, 32, 136, 136]"
272,128,True,pool,0.0006216639995574951,0.0,378798080.0,"[128, 32, 136, 136]","[128, 32, 68, 68]"
272,128,True,conv2,0.0032267265319824217,60607692800.0,227483648.0,"[128, 32, 68, 68]","[128, 64, 68, 68]"
272,128,True,relu2,0.00035932159423828126,0.0,303038464.0,"[128, 64, 68, 68]","[128, 64, 68, 68]"
272,128,True,conv3,0.001244876766204834,21818769408.0,227573760.0,"[128, 64, 68, 68]","[128, 128, 34, 34]"
272,128,True,relu3,0.00018073600530624391,0.0,151519232.0,"[128, 128, 34, 34]","[128, 128, 34, 34]"
272,128,True,conv4,0.0006043647766113281,9697230848.0,227409920.0,"[128, 128, 34, 34]","[128, 256, 34, 34]"
272,128,True,relu4,0.0003596287965774536,0.0,303038464.0,"[128, 256, 34, 34]","[128, 256, 34, 34]"
272,128,True,conv5,0.0024679264068603515,43637538816.0,191758336.0,"[128, 256, 34, 34]","[128, 256, 17, 17]"
272,128,True,relu5,9.134079813957214e-05,0.0,75759616.0,"[128, 256, 17, 17]","[128, 256, 17, 17]"
272,128,True,conv6,0.0005678847789764404,9697230848.0,114163712.0,"[128, 256, 17, 17]","[128, 512, 17, 17]"
272,128,True,relu6,0.00018082879781723023,0.0,151519232.0,"[128, 512, 17, 17]","[128, 512, 17, 17]"
272,128,True,avgpool,0.00010086400508880614,18939904.0,76021760.0,"[128, 512, 17, 17]","[128, 512, 1, 1]"
272,128,True,fc1,9.216000139713287e-06,33587200.0,918528.0,"[128, 512]","[128, 256]"
272,128,True,relu7,1.4336000196635723e-06,0.0,262144.0,"[128, 256]","[128, 256]"
272,128,True,fc2,6.627199798822403e-06,6566400.0,285072.0,"[128, 256]","[128, 100]"
400,32,True,conv1,0.0012699647903442384,12042240000.0,225298816.0,"[32, 3, 400, 400]","[32, 32, 200, 200]"
400,32,True,relu1,0.0003888000011444092,0.0,327680000.0,"[32, 32, 200, 200]","[32, 32, 200, 200]"
400,32,True,pool,0.0003385312080383301,0.0,204800000.0,"[32, 32, 200, 200]","[32, 32, 100, 100]"
400,32,True,conv2,0.0017670143127441408,32768000000.0,123084800.0,"[32, 32, 100, 100]","[32, 64, 100, 100]"
400,32,True,relu2,0.00019517439603805543,0.0,163840000.0,"[32, 64, 100, 100]","[32, 64, 100, 100]"
400,32,True,conv3,0.0008166399955749512,11796480000.0,123174912.0,"[32, 64, 100, 100]","[32, 128, 50, 50]"
400,32,True,relu3,9.860479831695556e-05,0.0,81920000.0,"[32, 128, 50, 50]","[32, 128, 50, 50]"
400,32,True,conv4,0.00031549439430236814,5242880000.0,123011072.0,"[32, 128, 50, 50]","[32, 256, 50, 50]"
400,32,True,relu4,0.00019537919759750368,0.0,163840000.0,"[32, 256, 50, 50]","[32, 256, 50, 50]"
400,32,True,conv5,0.0013279232025146484,23592960000.0,104759296.0,"[32, 256, 50, 50]","[32, 256, 25, 25]"
400,32,True,relu5,5.007359981536865e-05,0.0,40960000.0,"[32, 256, 25, 25]","[32, 256, 25, 25]"
400,32,True,conv6,0.0005002943992614746,5242880000.0,61964288.0,"[32, 256, 25, 25]","[32, 512, 25, 25]"
400,32,True,relu6,9.871360063552857e-05,0.0,81920000.0,"[32, 512, 25, 25]","[32, 512, 25, 25]"
400,32,True,avgpool,5.1507198810577396e-05,10240000.0,41025536.0,"[32, 512, 25, 25]","[32, 512, 1, 1]"
400,32,True,fc1,8.499199897050858e-06,8396800.0,623616.0,"[32, 512]","[32, 256]"
400,32,True,relu7,1.6383999958634378e-06,0.0,65536.0,"[32, 256]","[32, 256]"
400,32,True,fc2,1.0335999727249146e-05,1641600.0,148368.0,"[32, 256]","[32, 100]"
64,32,False,conv1,3.317759931087494e-05,308281344.0,5785984.0,"[32, 3, 64, 64]","[32, 32, 32, 32]"
64,32,False,relu1,4.089599847793579e-06,0.0,8388608.0,"[32, 32, 32, 32]","[32, 32, 32, 32]"
64,32,False,pool,1.032639965415001e-05,0.0,5242880.0,"[32, 32, 32, 32]","[32, 32, 16, 16]"
64,32,False,conv2,8.57088029384613e-05,838860800.0,3350528.0,"[32, 32, 16, 16]","[32, 64, 16, 16]"
64,32,False,relu2,2.3391999304294588e-06,0.0,4194304.0,"[32, 64, 16, 16]","[32, 64, 16, 16]"
64,32,False,conv3,3.962880074977875e-05,301989888.0,3440640.0,"[32, 64, 16, 16]","[32, 128, 8, 8]"
64,32,False,relu3,1.7408000305294992e-06,0.0,2097152.0,"[32, 128, 8, 8]","[32, 128, 8, 8]"
64,32,False,conv4,1.6383999586105347e-05,134217728.0,3276800.0,"[32, 128, 8, 8]","[32, 256, 8, 8]"
64,32,False,relu4,2.3360000923275947e-06,0.0,4194304.0,"[32, 256, 8, 8]","[32, 256, 8, 8]"
64,32,False,conv5,9.163519740104675e-05,603979776.0,4980736.0,"[32, 256, 8, 8]","[32, 256, 4, 4]"
64,32,False,relu5,1.5168000012636184e-06,0.0,1048576.0,"[32, 256, 4, 4]","[32, 256, 4, 4]"
64,32,False,conv6,2.508800029754639e-05,134217728.0,2097152.0,"[32, 256, 4, 4]","[32, 512, 4, 4]"
64,32,False,relu6,1.8432000651955603e-06,0.0,2097152.0,"[32, 512, 4, 4]","[32, 512, 4, 4]"
64,32,False,avgpool,4.095999896526337e-06,262144.0,1114112.0,"[32, 512, 4, 4]","[32, 512, 1, 1]"
64,32,False,fc1,6.42239972949028e-06,8396800.0,623616.0,"[32, 512]","[32, 256]"
64,32,False,relu7,1.321600005030632e-06,0.0,65536.0,"[32, 256]","[32, 256]"
64,32,False,fc2,7.884799689054489e-06,1641600.0,148368.0,"[32, 256]","[32, 100]"
400,1,True,conv1,3.8473600149154666e-05,376320000.0,7058816.0,"[1, 3, 400, 400]","[1, 32, 200, 200]"
400,1,True,relu1,4.697600007057189e-06,0.0,10240000.0,"[1, 32, 200, 200]","[1, 32, 200, 200]"
400,1,True,pool,1.2185599654912949e-05,0.0,6400000.0,"[1, 32, 200, 200]","[1, 32, 100, 100]"
400,1,True,conv2,7.595840096473694e-05,1024000000.0,4044800.0,"[1, 32, 100, 100]","[1, 64, 100, 100]"
400,1,True,relu2,2.5599999353289604e-06,0.0,5120000.0,"[1, 64, 100, 100]","[1, 64, 100, 100]"
400,1,True,conv3,4.1779199242591854e-05,368640000.0,4134912.0,"[1, 64, 100, 100]","[1, 128, 50, 50]"
400,1,True,relu3,1.945599913597107e-06,0.0,2560000.0,"[1, 128, 50, 50]","[1, 128, 50, 50]"
400,1,True,conv4,2.2323200106620787e-05,163840000.0,3971072.0,"[1, 128, 50, 50]","[1, 256, 50, 50]"
400,1,True,relu4,2.5599999353289604e-06,0.0,5120000.0,"[1, 256, 50, 50]","[1, 256, 50, 50]"
400,1,True,conv5,9.410560131072998e-05,737280000.0,5559296.0,"[1, 256, 50, 50]","[1, 256, 25, 25]"
400,1,True,relu5,1.5359999611973762e-06,0.0,1280000.0,"[1, 256, 25, 25]","[1, 256, 25, 25]"
400,1,True,conv6,1.9456000626087186e-05,163840000.0,2444288.0,"[1, 256, 25, 25]","[1, 512, 25, 25]"
400,1,True,relu6,1.945599913597107e-06,0.0,2560000.0,"[1, 512, 25, 25]","[1, 512, 25, 25]"
400,1,True,avgpool,3.062400035560131e-06,320000.0,1282048.0,"[1, 512, 25, 25]","[1, 512, 1, 1]"
400,1,True,fc1,3.2671999186277392e-06,262400.0,528384.0,"[1, 512]","[1, 256]"
400,1,True,relu7,1.3151999562978746e-06,0.0,2048.0,"[1, 256]","[1, 256]"
400,1,True,fc2,2.662399969995022e-06,51300.0,104224.0,"[1, 256]","[1, 100]"
384,29,True,conv1,0.001063526439666748,10057678848.0,188172672.0,"[29, 3, 384, 384]","[29, 32, 192, 192]"
384,29,True,relu1,0.0003249151945114136,0.0,273678336.0,"[29, 32, 192, 192]","[29, 32, 192, 192]"
384,29,True,pool,0.00028559360504150393,0.0,171048960.0,"[29, 32, 192, 192]","[29, 32, 96, 96]"
384,29,True,conv2,0.0014757887840270995,27367833600.0,102834176.0,"[29, 32, 96, 96]","[29, 64, 96, 96]"
384,29,True,relu2,0.00016353280544281006,0.0,136839168.0,"[29, 64, 96, 96]","[29, 64, 96, 96]"
384,29,True,conv3,0.000643993616104126,9852420096.0,102924288.0,"[29, 64, 96, 96]","[29, 128, 48, 48]"
384,29,True,relu3,8.263679742813111e-05,0.0,68419584.0,"[29, 128, 48, 48]","[29, 128, 48, 48]"
384,29,True,conv4,0.0002584575891494751,4378853376.0,102760448.0,"[29, 128, 48, 48]","[29, 256, 48, 48]"
384,29,True,relu4,0.00016342719793319702,0.0,136839168.0,"[29, 256, 48, 48]","[29, 256, 48, 48]"
384,29,True,conv5,0.0011613183975219727,19704840192.0,87883776.0,"[29, 256, 48, 48]","[29, 256, 24, 24]"
384,29,True,relu5,4.2086398601531986e-05,0.0,34209792.0,"[29, 256, 24, 24]","[29, 256, 24, 24]"
384,29,True,conv6,0.00024698879718780515,4378853376.0,51838976.0,"[29, 256, 24, 24]","[29, 512, 24, 24]"
384,29,True,relu6,8.253440260887146e-05,0.0,68419584.0,"[29, 512, 24, 24]","[29, 512, 24, 24]"
384,29,True,avgpool,4.2188799381256105e-05,8552448.0,34269184.0,"[29, 512, 24, 24]","[29, 512, 1, 1]"
384,29,True,fc1,7.475200295448303e-06,7609600.0,614400.0,"[29, 512]","[29, 256]"
384,29,True,relu7,1.5200000256299973e-06,0.0,59392.0,"[29, 256]","[29, 256]"
384,29,True,fc2,9.011200070381165e-06,1487700.0,144096.0,"[29, 256]","[29, 100]"
224,8,False,conv1,8.837119936943055e-05,944111616.0,17680768.0,"[8, 3, 224, 224]","[8, 32, 112, 112]"
224,8,False,relu1,3.161920011043549e-05,0.0,25690112.0,"[8, 32, 112, 112]","[8, 32, 112, 112]"
224,8,False,pool,2.9081600904464718e-05,0.0,16056320.0,"[8, 32, 112, 112]","[8, 32, 56, 56]"
224,8,False,conv2,0.00015073280334472656,2569011200.0,9838592.0,"[8, 32, 56, 56]","[8, 64, 56, 56]"
224,8,False,relu2,1.013759970664978e-05,0.0,12845056.0,"[8, 64, 56, 56]","[8, 64, 56, 56]"
224,8,False,conv3,8.0486398935318e-05,924844032.0,9928704.0,"[8, 64, 56, 56]","[8, 128, 28, 28]"
224,8,False,relu3,3.251200169324875e-06,0.0,6422528.0,"[8, 128, 28, 28]","[8, 128, 28, 28]"
224,8,False,conv4,3.2051199674606326e-05,411041792.0,9764864.0,"[8, 128, 28, 28]","[8, 256, 28, 28]"
224,8,False,relu4,1.0342399775981904e-05,0.0,12845056.0,"[8, 256, 28, 28]","[8, 256, 28, 28]"
224,8,False,conv5,0.00021112959384918213,1849688064.0,10387456.0,"[8, 256, 28, 28]","[8, 256, 14, 14]"
224,8,False,relu5,2.15039998292923e-06,0.0,3211264.0,"[8, 256, 14, 14]","[8, 256, 14, 14]"
224,8,False,conv6,4.1574400663375855e-05,411041792.0,5341184.0,"[8, 256, 14, 14]","[8, 512, 14, 14]"
224,8,False,relu6,3.0719999223947524e-06,0.0,6422528.0,"[8, 512, 14, 14]","[8, 512, 14, 14]"
224,8,False,avgpool,4.30079996585846e-06,802816.0,3227648.0,"[8, 512, 14, 14]","[8, 512, 1, 1]"
224,8,False,fc1,4.697600007057189e-06,2099200.0,549888.0,"[8, 512]","[8, 256]"
224,8,False,relu7,1.331199984997511e-06,0.0,16384.0,"[8, 256]","[8, 256]"
224,8,False,fc2,2.969600073993206e-06,410400.0,114192.0,"[8, 256]","[8, 100]"
128,4,False,conv1,2.0044800639152527e-05,154140672.0,2902400.0,"[4, 3, 128, 128]","[4, 32, 64, 64]"
128,4,False,relu1,2.252800017595291e-06,0.0,4194304.0,"[4, 32, 64, 64]","[4, 32, 64, 64]"
128,4,False,pool,5.017599835991859e-06,0.0,2621440.0,"[4, 32, 64, 64]","[4, 32, 32, 32]"
128,4,False,conv2,0.00010147839784622193,419430400.0,1777664.0,"[4, 32, 32, 32]","[4, 64, 32, 32]"
128,4,False,relu2,1.8432000651955603e-06,0.0,2097152.0,"[4, 64, 32, 32]","[4, 64, 32, 32]"
128,4,False,conv3,2.467840015888214e-05,150994944.0,1867776.0,"[4, 64, 32, 32]","[4, 128, 16, 16]"
128,4,False,relu3,1.5168000012636184e-06,0.0,1048576.0,"[4, 128, 16, 16]","[4, 128, 16, 16]"
128,4,False,conv4,1.5667200088500975e-05,67108864.0,1703936.0,"[4, 128, 16, 16]","[4, 256, 16, 16]"
128,4,False,relu4,1.8432000651955603e-06,0.0,2097152.0,"[4, 256, 16, 16]","[4, 256, 16, 16]"
128,4,False,conv5,8.763520121574401e-05,301989888.0,3670016.0,"[4, 256, 16, 16]","[4, 256, 8, 8]"
128,4,False,relu5,1.331199984997511e-06,0.0,524288.0,"[4, 256, 8, 8]","[4, 256, 8, 8]"
128,4,False,conv6,1.2595200538635252e-05,67108864.0,1310720.0,"[4, 256, 8, 8]","[4, 512, 8, 8]"
128,4,False,relu6,1.5104000456631184e-06,0.0,1048576.0,"[4, 512, 8, 8]","[4, 512, 8, 8]"
128,4,False,avgpool,2.3552000522613525e-06,131072.0,532480.0,"[4, 512, 8, 8]","[4, 512, 1, 1]"
128,4,False,fc1,3.3567998558282853e-06,1049600.0,537600.0,"[4, 512]","[4, 256]"
128,4,False,relu7,1.228800043463707e-06,0.0,8192.0,"[4, 256]","[4, 256]"
128,4,False,fc2,2.3231999948620795e-06,205200.0,108496.0,"[4, 256]","[4, 100]"
32,64,False,conv1,1.9859200716018676e-05,154140672.0,2902400.0,"[64, 3, 32, 32]","[64, 32, 16, 16]"
32,64,False,relu1,2.252800017595291e-06,0.0,4194304.0,"[64, 32, 16, 16]","[64, 32, 16, 16]"
32,64,False,pool,5.104000121355056e-06,0.0,2621440.0,"[64, 32, 16, 16]","[64, 32, 8, 8]"
32,64,False,conv2,5.1097601652145384e-05,419430400.0,1777664.0,"[64, 32, 8, 8]","[64, 64, 8, 8]"
32,64,False,relu2,1.8335999920964242e-06,0.0,2097152.0,"[64, 64, 8, 8]","[64, 64, 8, 8]"
32,64,False,conv3,2.4985599517822267e-05,150994944.0,1867776.0,"[64, 64, 8, 8]","[64, 128, 4, 4]"
32,64,False,relu3,1.5296000055968762e-06,0.0,1048576.0,"[64, 128, 4, 4]","[64, 128, 4, 4]"
32,64,False,conv4,1.5667200088500975e-05,67108864.0,1703936.0,"[64, 128, 4, 4]","[64, 256, 4, 4]"
32,64,False,relu4,1.8432000651955603e-06,0.0,2097152.0,"[64, 256, 4, 4]","[64, 256, 4, 4]"
32,64,False,conv5,9.072639942169189e-05,301989888.0,3670016.0,"[64, 256, 4, 4]","[64, 256, 2, 2]"
32,64,False,relu5,1.331199984997511e-06,0.0,524288.0,"[64, 256, 2, 2]","[64, 256, 2, 2]"
32,64,False,conv6,1.5360000729560853e-05,67108864.0,1310720.0,"[64, 256, 2, 2]","[64, 512, 2, 2]"
32,64,False,relu6,1.5168000012636184e-06,0.0,1048576.0,"[64, 512, 2, 2]","[64, 512, 2, 2]"
32,64,False,avgpool,2.764800004661083e-06,131072.0,655360.0,"[64, 512, 2, 2]","[64, 512, 1, 1]"
32,64,False,fc1,6.860800087451935e-06,16793600.0,721920.0,"[64, 512]","[64, 256]"
32,64,False,relu7,1.228800043463707e-06,0.0,131072.0,"[64, 256]","[64, 256]"
32,64,False,fc2,7.782399654388428e-06,3283200.0,193936.0,"[64, 256]","[64, 100]"
352,16,True,conv1,0.0004387839794158936,4662755328.0,87247232.0,"[16, 3, 352, 352]","[16, 32, 176, 176]"
352,16,True,relu1,0.000151638400554657,0.0,126877696.0,"[16, 32, 176, 176]","[16, 32, 176, 176]"
352,16,True,pool,0.00013258240222930906,0.0,79298560.0,"[16, 32, 176, 176]","[16, 32, 88, 88]"
352,16,True,conv2,0.0006825984001159668,12687769600.0,47783936.0,"[16, 32, 88, 88]","[16, 64, 88, 88]"
352,16,True,relu2,7.667199969291687e-05,0.0,63438848.0,"[16, 64, 88, 88]","[16, 64, 88, 88]"
352,16,True,conv3,0.0002934528112411499,4567597056.0,47874048.0,"[16, 64, 88, 88]","[16, 128, 44, 44]"
352,16,True,relu3,3.911679983139038e-05,0.0,31719424.0,"[16, 128, 44, 44]","[16, 128, 44, 44]"
352,16,True,conv4,0.00012636159658432005,2030043136.0,47710208.0,"[16, 128, 44, 44]","[16, 256, 44, 44]"
352,16,True,relu4,7.658879756927491e-05,0.0,63438848.0,"[16, 256, 44, 44]","[16, 256, 44, 44]"
352,16,True,conv5,0.0004915200233459473,9135194112.0,42008576.0,"[16, 256, 44, 44]","[16, 256, 22, 22]"
352,16,True,relu5,1.9353599846363067e-05,0.0,15859712.0,"[16, 256, 22, 22]","[16, 256, 22, 22]"
352,16,True,conv6,0.00011397119760513306,2030043136.0,24313856.0,"[16, 256, 22, 22]","[16, 512, 22, 22]"
352,16,True,relu6,3.911679983139038e-05,0.0,31719424.0,"[16, 512, 22, 22]","[16, 512, 22, 22]"
352,16,True,avgpool,2.1503999829292296e-05,3964928.0,15892480.0,"[16, 512, 22, 22]","[16, 512, 1, 1]"
352,16,True,fc1,6.656000018119811e-06,4198400.0,574464.0,"[16, 512]","[16, 256]"
352,16,True,relu7,1.4336000196635723e-06,0.0,32768.0,"[16, 256]","[16, 256]"
352,16,True,fc2,3.5679999738931655e-06,820800.0,125584.0,"[16, 256]","[16, 100]"
80,8,True,conv1,1.6281600296497348e-05,120422400.0,2271616.0,"[8, 3, 80, 80]","[8, 32, 40, 40]"
80,8,True,relu1,2.223999984562397e-06,0.0,3276800.0,"[8, 32, 40, 40]","[8, 32, 40, 40]"
80,8,True,pool,4.30079996585846e-06,0.0,2048000.0,"[8, 32, 40, 40]","[8, 32, 20, 20]"
80,8,True,conv2,4.587520062923431e-05,327680000.0,1433600.0,"[8, 32, 20, 20]","[8, 64, 20, 20]"
80,8,True,relu2,1.7119999974966048e-06,0.0,1638400.0,"[8, 64, 20, 20]","[8, 64, 20, 20]"
80,8,True,conv3,2.5283199548721312e-05,117964800.0,1523712.0,"[8, 64, 20, 20]","[8, 128, 10, 10]"
80,8,True,relu3,1.4336000196635723e-06,0.0,819200.0,"[8, 128, 10, 10]","[8, 128, 10, 10]"
80,8,True,conv4,1.6070400178432465e-05,52428800.0,1359872.0,"[8, 128, 10, 10]","[8, 256, 10, 10]"
80,8,True,relu4,1.7216000705957414e-06,0.0,1638400.0,"[8, 256, 10, 10]","[8, 256, 10, 10]"
80,8,True,conv5,8.847360014915466e-05,235929600.0,3383296.0,"[8, 256, 10, 10]","[8, 256, 5, 5]"
80,8,True,relu5,1.331199984997511e-06,0.0,409600.0,"[8, 256, 5, 5]","[8, 256, 5, 5]"
80,8,True,conv6,1.3209599256515502e-05,52428800.0,1138688.0,"[8, 256, 5, 5]","[8, 512, 5, 5]"
80,8,True,relu6,1.4336000196635723e-06,0.0,819200.0,"[8, 512, 5, 5]","[8, 512, 5, 5]"
80,8,True,avgpool,2.345599979162216e-06,102400.0,425984.0,"[8, 512, 5, 5]","[8, 512, 1, 1]"
80,8,True,fc1,4.585599899291992e-06,2099200.0,549888.0,"[8, 512]","[8, 256]"
80,8,True,relu7,1.228800043463707e-06,0.0,16384.0,"[8, 256]","[8, 256]"
80,8,True,fc2,2.8672000393271445e-06,410400.0,114192.0,"[8, 256]","[8, 100]"
384,4,False,conv1,0.00012622400522232054,1387266048.0,25971072.0,"[4, 3, 384, 384]","[4, 32, 192, 192]"
384,4,False,relu1,4.597760140895843e-05,0.0,37748736.0,"[4, 32, 192, 192]","[4, 32, 192, 192]"
384,4,False,pool,4.17600005865097e-05,0.0,23592960.0,"[4, 32, 192, 192]","[4, 32, 96, 96]"
384,4,False,conv2,0.00022712318897247311,3774873600.0,14360576.0,"[4, 32, 96, 96]","[4, 64, 96, 96]"
384,4,False,relu2,2.372799962759018e-05,0.0,18874368.0,"[4, 64, 96, 96]","[4, 64, 96, 96]"
384,4,False,conv3,0.00010485759973526002,1358954496.0,14450688.0,"[4, 64, 96, 96]","[4, 128, 48, 48]"
384,4,False,relu3,4.505600035190582e-06,0.0,9437184.0,"[4, 128, 48, 48]","[4, 128, 48, 48]"
384,4,False,conv4,3.973119854927063e-05,603979776.0,14286848.0,"[4, 128, 48, 48]","[4, 256, 48, 48]"
384,4,False,relu4,2.383999973535538e-05,0.0,18874368.0,"[4, 256, 48, 48]","[4, 256, 48, 48]"
384,4,False,conv5,0.00021677761077880858,2717908992.0,14155776.0,"[4, 256, 48, 48]","[4, 256, 24, 24]"
384,4,False,relu5,2.6367999613285066e-06,0.0,4718592.0,"[4, 256, 24, 24]","[4, 256, 24, 24]"
384,4,False,conv6,5.7651197910308836e-05,603979776.0,7602176.0,"[4, 256, 24, 24]","[4, 512, 24, 24]"
384,4,False,relu6,4.4032000005245205e-06,0.0,9437184.0,"[4, 512, 24, 24]","[4, 512, 24, 24]"
384,4,False,avgpool,4.30079996585846e-06,1179648.0,4726784.0,"[4, 512, 24, 24]","[4, 512, 1, 1]"
384,4,False,fc1,3.5840000957250597e-06,1049600.0,537600.0,"[4, 512]","[4, 256]"
384,4,False,relu7,1.331199984997511e-06,0.0,8192.0,"[4, 256]","[4, 256]"
384,4,False,fc2,2.457600086927414e-06,205200.0,108496.0,"[4, 256]","[4, 100]"
384,56,True,conv1,0.002003865623474121,19421724672.0,363350400.0,"[56, 3, 384, 384]","[56, 32, 192, 192]"
384,56,True,relu1,0.0006259712219238281,0.0,528482304.0,"[56, 32, 192, 192]","[56, 32, 192, 192]"
384,56,True,pool,0.0005504000186920166,0.0,330301440.0,"[56, 32, 192, 192]","[56, 32, 96, 96]"
384,56,True,conv2,0.002818867111206055,52848230400.0,198385664.0,"[56, 32, 96, 96]","[56, 64, 96, 96]"
384,56,True,relu2,0.00031375360488891603,0.0,264241152.0,"[56, 64, 96, 96]","[56, 64, 96, 96]"
384,56,True,conv3,0.0010828800201416015,19025362944.0,198475776.0,"[56, 64, 96, 96]","[56, 128, 48, 48]"
384,56,True,relu3,0.00015790079832077026,0.0,132120576.0,"[56, 128, 48, 48]","[56, 128, 48, 48]"
384,56,True,conv4,0.0004966239929199218,8455716864.0,198311936.0,"[56, 128, 48, 48]","[56, 256, 48, 48]"
384,56,True,relu4,0.00031375360488891603,0.0,264241152.0,"[56, 256, 48, 48]","[56, 256, 48, 48]"
384,56,True,conv5,0.0021508928298950196,38050725888.0,167510016.0,"[56, 256, 48, 48]","[56, 256, 24, 24]"
384,56,True,relu5,7.987200021743775e-05,0.0,66060288.0,"[56, 256, 24, 24]","[56, 256, 24, 24]"
384,56,True,conv6,0.0004393983840942383,8455716864.0,99614720.0,"[56, 256, 24, 24]","[56, 512, 24, 24]"
384,56,True,relu6,0.00015790079832077026,0.0,132120576.0,"[56, 512, 24, 24]","[56, 512, 24, 24]"
384,56,True,avgpool,7.884799838066101e-05,16515072.0,66174976.0,"[56, 512, 24, 24]","[56, 512, 1, 1]"
384,56,True,fc1,8.294399827718735e-06,14694400.0,697344.0,"[56, 512]","[56, 256]"
384,56,True,relu7,1.5039999969303608e-06,0.0,114688.0,"[56, 256]","[56, 256]"
384,56,True,fc2,9.216000139713287e-06,2872800.0,182544.0,"[56, 256]","[56, 100]"
224,4,False,conv1,4.769279956817627e-05,472055808.0,8849792.0,"[4, 3, 224, 224]","[4, 32, 112, 112]"
224,4,False,relu1,9.932799637317657e-06,0.0,12845056.0,"[4, 32, 112, 112]","[4, 32, 112, 112]"
224,4,False,pool,1.5462400019168853e-05,0.0,8028160.0,"[4, 32, 112, 112]","[4, 32, 56, 56]"
224,4,False,conv2,0.0001043455958366394,1284505600.0,5021696.0,"[4, 32, 56, 56]","[4, 64, 56, 56]"
224,4,False,relu2,3.0719999223947524e-06,0.0,6422528.0,"[4, 64, 56, 56]","[4, 64, 56, 56]"
224,4,False,conv3,5.1507198810577396e-05,462422016.0,5111808.0,"[4, 64, 56, 56]","[4, 128, 28, 28]"
224,4,False,relu3,2.1407999098300934e-06,0.0,3211264.0,"[4, 128, 28, 28]","[4, 128, 28, 28]"
224,4,False,conv4,2.1503999829292296e-05,205520896.0,4947968.0,"[4, 128, 28, 28]","[4, 256, 28, 28]"
224,4,False,relu4,3.1615998595952985e-06,0.0,6422528.0,"[4, 256, 28, 28]","[4, 256, 28, 28]"
224,4,False,conv5,0.00013742079734802246,924844032.0,6373376.0,"[4, 256, 28, 28]","[4, 256, 14, 14]"
224,4,False,relu5,1.6383999958634378e-06,0.0,1605632.0,"[4, 256, 14, 14]","[4, 256, 14, 14]"
224,4,False,conv6,2.4166400730609895e-05,205520896.0,2932736.0,"[4, 256, 14, 14]","[4, 512, 14, 14]"
224,4,False,relu6,2.0479999482631684e-06,0.0,3211264.0,"[4, 512, 14, 14]","[4, 512, 14, 14]"
224,4,False,avgpool,2.9311999678611754e-06,401408.0,1613824.0,"[4, 512, 14, 14]","[4, 512, 1, 1]"
224,4,False,fc1,3.4495998173952104e-06,1049600.0,537600.0,"[4, 512]","[4, 256]"
224,4,False,relu7,1.228800043463707e-06,0.0,8192.0,"[4, 256]","[4, 256]"
224,4,False,fc2,2.3552000522613525e-06,205200.0,108496.0,"[4, 256]","[4, 100]"
64,128,False,conv1,0.00011231039762496949,1233125376.0,23087488.0,"[128, 3, 64, 64]","[128, 32, 32, 32]"
64,128,False,relu1,4.116480052471161e-05,0.0,33554432.0,"[128, 32, 32, 32]","[128, 32, 32, 32]"
64,128,False,pool,3.696640133857727e-05,0.0,20971520.0,"[128, 32, 32, 32]","[128, 32, 16, 16]"
64,128,False,conv2,0.00023316481113433836,3355443200.0,12787712.0,"[128, 32, 16, 16]","[128, 64, 16, 16]"
64,128,False,relu2,2.0470400154590607e-05,0.0,16777216.0,"[128, 64, 16, 16]","[128, 64, 16, 16]"
64,128,False,conv3,8.304640054702758e-05,1207959552.0,12877824.0,"[128, 64, 16, 16]","[128, 128, 8, 8]"
64,128,False,relu3,4.198399931192399e-06,0.0,8388608.0,"[128, 128, 8, 8]","[128, 128, 8, 8]"
64,128,False,conv4,4.300799965858459e-05,536870912.0,12713984.0,"[128, 128, 8, 8]","[128, 256, 8, 8]"
64,128,False,relu4,2.0479999482631683e-05,0.0,16777216.0,"[128, 256, 8, 8]","[128, 256, 8, 8]"
64,128,False,conv5,0.00022169599533081053,2415919104.0,12845056.0,"[128, 256, 8, 8]","[128, 256, 4, 4]"
64,128,False,relu5,2.3552000522613525e-06,0.0,4194304.0,"[128, 256, 4, 4]","[128, 256, 4, 4]"
64,128,False,conv6,3.696320056915283e-05,536870912.0,6815744.0,"[128, 256, 4, 4]","[128, 512, 4, 4]"
64,128,False,relu6,3.993599861860275e-06,0.0,8388608.0,"[128, 512, 4, 4]","[128, 512, 4, 4]"
64,128,False,avgpool,1.1980800330638886e-05,1048576.0,4456448.0,"[128, 512, 4, 4]","[128, 512, 1, 1]"
64,128,False,fc1,8.294399827718735e-06,33587200.0,918528.0,"[128, 512]","[128, 256]"
64,128,False,relu7,1.331199984997511e-06,0.0,262144.0,"[128, 256]","[128, 256]"
64,128,False,fc2,5.939200147986412e-06,6566400.0,285072.0,"[128, 256]","[128, 100]"
352,4,True,conv1,0.0001077247977256775,1165688832.0,21825920.0,"[4, 3, 352, 352]","[4, 32, 176, 176]"
352,4,True,relu1,3.891200125217437e-05,0.0,31719424.0,"[4, 32, 176, 176]","[4, 32, 176, 176]"
352,4,True,pool,3.532800078392029e-05,0.0,19824640.0,"[4, 32, 176, 176]","[4, 32, 88, 88]"
352,4,True,conv2,0.0001646432042121887,3171942400.0,12099584.0,"[4, 32, 88, 88]","[4, 64, 88, 88]"
352,4,True,relu2,1.9251200556755068e-05,0.0,15859712.0,"[4, 64, 88, 88]","[4, 64, 88, 88]"
352,4,True,conv3,0.00010690560340881347,1141899264.0,12189696.0,"[4, 64, 88, 88]","[4, 128, 44, 44]"
352,4,True,relu3,4.095999896526337e-06,0.0,7929856.0,"[4, 128, 44, 44]","[4, 128, 44, 44]"
352,4,True,conv4,4.167360067367554e-05,507510784.0,12025856.0,"[4, 128, 44, 44]","[4, 256, 44, 44]"
352,4,True,relu4,1.9251200556755068e-05,0.0,15859712.0,"[4, 256, 44, 44]","[4, 256, 44, 44]"
352,4,True,conv5,0.00021893119812011716,2283798528.0,12271616.0,"[4, 256, 44, 44]","[4, 256, 22, 22]"
352,4,True,relu5,2.3552000522613525e-06,0.0,3964928.0,"[4, 256, 22, 22]","[4, 256, 22, 22]"
352,4,True,conv6,4.997119903564453e-05,507510784.0,6471680.0,"[4, 256, 22, 22]","[4, 512, 22, 22]"
352,4,True,relu6,3.891199827194214e-06,0.0,7929856.0,"[4, 512, 22, 22]","[4, 512, 22, 22]"
352,4,True,avgpool,3.9903998374938965e-06,991232.0,3973120.0,"[4, 512, 22, 22]","[4, 512, 1, 1]"
352,4,True,fc1,3.5840000957250597e-06,1049600.0,537600.0,"[4, 512]","[4, 256]"
352,4,True,relu7,1.331199984997511e-06,0.0,8192.0,"[4, 256]","[4, 256]"
352,4,True,fc2,2.457600086927414e-06,205200.0,108496.0,"[4, 256]","[4, 100]"
256,64,False,conv1,0.0010981375694274903,9865003008.0,184568192.0,"[64, 3, 256, 256]","[64, 32, 128, 128]"
256,64,False,relu1,0.0003190560102462769,0.0,268435456.0,"[64, 32, 128, 128]","[64, 32, 128, 128]"
256,64,False,pool,0.00028351678848266603,0.0,167772160.0,"[64, 32, 128, 128]","[64, 32, 64, 64]"
256,64,False,conv2,0.0014258175849914552,26843545600.0,100868096.0,"[64, 32, 64, 64]","[64, 64, 64, 64]"
256,64,False,relu2,0.00016044800281524656,0.0,134217728.0,"[64, 64, 64, 64]","[64, 64, 64, 64]"
256,64,False,conv3,0.0006684544086456299,9663676416.0,100958208.0,"[64, 64, 64, 64]","[64, 128, 32, 32]"
256,64,False,relu3,8.117759823799133e-05,0.0,67108864.0,"[64, 128, 32, 32]","[64, 128, 32, 32]"
256,64,False,conv4,0.00025035200119018556,4294967296.0,100794368.0,"[64, 128, 32, 32]","[64, 256, 32, 32]"
256,64,False,relu4,0.00016035840511322022,0.0,134217728.0,"[64, 256, 32, 32]","[64, 256, 32, 32]"
256,64,False,conv5,0.0011397120475769042,19327352832.0,86245376.0,"[64, 256, 32, 32]","[64, 256, 16, 16]"
256,64,False,relu5,4.126720130443573e-05,0.0,33554432.0,"[64, 256, 16, 16]","[64, 256, 16, 16]"
256,64,False,conv6,0.00023490560054779055,4294967296.0,50855936.0,"[64, 256, 16, 16]","[64, 512, 16, 16]"
256,64,False,relu6,8.09984028339386e-05,0.0,67108864.0,"[64, 512, 16, 16]","[64, 512, 16, 16]"
256,64,False,avgpool,4.0857601165771486e-05,8388608.0,33685504.0,"[64, 512, 16, 16]","[64, 512, 1, 1]"
256,64,False,fc1,8.396799862384797e-06,16793600.0,721920.0,"[64, 512]","[64, 256]"
256,64,False,relu7,1.5231999568641186e-06,0.0,131072.0,"[64, 256]","[64, 256]"
256,64,False,fc2,9.42080020904541e-06,3283200.0,193936.0,"[64, 256]","[64, 100]"
272,179,True,conv1,0.0032332801818847658,31147855872.0,582716800.0,"[179, 3, 272, 272]","[179, 32, 136, 136]"
272,179,True,relu1,0.0010022848129272461,0.0,847560704.0,"[179, 32, 136, 136]","[179, 32, 136, 136]"
272,179,True,pool,0.0008670207977294921,0.0,529725440.0,"[179, 32, 136, 136]","[179, 32, 68, 68]"
272,179,True,conv2,0.004506623840332031,84756070400.0,318040064.0,"[179, 32, 68, 68]","[179, 64, 68, 68]"
272,179,True,relu2,0.0005020480155944824,0.0,423780352.0,"[179, 64, 68, 68]","[179, 64, 68, 68]"
272,179,True,conv3,0.0017440767288208008,30512185344.0,318130176.0,"[179, 64, 68, 68]","[179, 128, 34, 34]"
272,179,True,relu3,0.0002520064115524292,0.0,211890176.0,"[179, 128, 34, 34]","[179, 128, 34, 34]"
272,179,True,conv4,0.000938479995727539,13560971264.0,317966336.0,"[179, 128, 34, 34]","[179, 256, 34, 34]"
272,179,True,relu4,0.0005025536060333252,0.0,423780352.0,"[179, 256, 34, 34]","[179, 256, 34, 34]"
272,179,True,conv5,0.003340902328491211,61024370688.0,267222016.0,"[179, 256, 34, 34]","[179, 256, 17, 17]"
272,179,True,relu5,0.0001269760012626648,0.0,105945088.0,"[179, 256, 17, 17]","[179, 256, 17, 17]"
272,179,True,conv6,0.0007698431968688965,13560971264.0,159441920.0,"[179, 256, 17, 17]","[179, 512, 17, 17]"
272,179,True,relu6,0.0002520064115524292,0.0,211890176.0,"[179, 512, 17, 17]","[179, 512, 17, 17]"
272,179,True,avgpool,0.00014079999923706055,26486272.0,106311680.0,"[179, 512, 17, 17]","[179, 512, 1, 1]"
272,179,True,fc1,1.1468800157308578e-05,46969600.0,1075200.0,"[179, 512]","[179, 256]"
272,179,True,relu7,1.7408000305294992e-06,0.0,366592.0,"[179, 256]","[179, 256]"
272,179,True,fc2,7.475200295448303e-06,9182700.0,357696.0,"[179, 256]","[179, 100]"
224,256,False,conv1,0.003129840087890625,30211571712.0,565201280.0,"[256, 3, 224, 224]","[256, 32, 112, 112]"
224,256,False,relu1,0.0009722880363464356,0.0,822083584.0,"[256, 32, 112, 112]","[256, 32, 112, 112]"
224,256,False,pool,0.0008406016349792481,0.0,513802240.0,"[256, 32, 112, 112]","[256, 32, 56, 56]"
224,256,False,conv2,0.004362239837646485,82208358400.0,308486144.0,"[256, 32, 56, 56]","[256, 64, 56, 56]"
224,256,False,relu2,0.00048689918518066404,0.0,411041792.0,"[256, 64, 56, 56]","[256, 64, 56, 56]"
224,256,False,conv3,0.0016895999908447268,29595009024.0,308576256.0,"[256, 64, 56, 56]","[256, 128, 28, 28]"
224,256,False,relu3,0.00024442880153656004,0.0,205520896.0,"[256, 128, 28, 28]","[256, 128, 28, 28]"
224,256,False,conv4,0.0009054207801818847,13153337344.0,308412416.0,"[256, 128, 28, 28]","[256, 256, 28, 28]"
224,256,False,relu4,0.00048742399215698245,0.0,411041792.0,"[256, 256, 28, 28]","[256, 256, 28, 28]"
224,256,False,conv5,0.0033082366943359373,59190018048.0,259260416.0,"[256, 256, 28, 28]","[256, 256, 14, 14]"
224,256,False,relu5,0.0001230847954750061,0.0,102760448.0,"[256, 256, 14, 14]","[256, 256, 14, 14]"
224,256,False,conv6,0.000751196813583374,13153337344.0,154664960.0,"[256, 256, 14, 14]","[256, 512, 14, 14]"
224,256,False,relu6,0.00024453120231628415,0.0,205520896.0,"[256, 512, 14, 14]","[256, 512, 14, 14]"
224,256,False,avgpool,0.00012165119647979738,25690112.0,103284736.0,"[256, 512, 14, 14]","[256, 512, 1, 1]"
224,256,False,fc1,1.505279988050461e-05,67174400.0,1311744.0,"[256, 512]","[256, 256]"
224,256,False,relu7,1.6383999958634378e-06,0.0,524288.0,"[256, 256]","[256, 256]"
224,256,False,fc2,7.98719972372055e-06,13132800.0,467344.0,"[256, 256]","[256, 100]"
128,128,False,conv1,0.0005140480041503907,4932501504.0,92293504.0,"[128, 3, 128, 128]","[128, 32, 64, 64]"
128,128,False,relu1,0.00016035840511322022,0.0,134217728.0,"[128, 32, 64, 64]","[128, 32, 64, 64]"
128,128,False,pool,0.00013985919952392577,0.0,83886080.0,"[128, 32, 64, 64]","[128, 32, 32, 32]"
128,128,False,conv2,0.0007520256042480469,13421772800.0,50536448.0,"[128, 32, 32, 32]","[128, 64, 32, 32]"
128,128,False,relu2,8.09984028339386e-05,0.0,67108864.0,"[128, 64, 32, 32]","[128, 64, 32, 32]"
128,128,False,conv3,0.00028979198932647704,4831838208.0,50626560.0,"[128, 64, 32, 32]","[128, 128, 16, 16]"
128,128,False,relu3,4.116480052471161e-05,0.0,33554432.0,"[128, 128, 16, 16]","[128, 128, 16, 16]"
128,128,False,conv4,0.00013485440015792845,2147483648.0,50462720.0,"[128, 128, 16, 16]","[128, 256, 16, 16]"
128,128,False,relu4,8.097280263900757e-05,0.0,67108864.0,"[128, 256, 16, 16]","[128, 256, 16, 16]"
128,128,False,conv5,0.0006532095909118653,9663676416.0,44302336.0,"[128, 256, 16, 16]","[128, 256, 8, 8]"
128,128,False,relu5,2.0582400262355805e-05,0.0,16777216.0,"[128, 256, 8, 8]","[128, 256, 8, 8]"
128,128,False,conv6,0.00019527679681777954,2147483648.0,25690112.0,"[128, 256, 8, 8]","[128, 512, 8, 8]"
128,128,False,relu6,4.1340801119804386e-05,0.0,33554432.0,"[128, 512, 8, 8]","[128, 512, 8, 8]"
128,128,False,avgpool,3.2051199674606326e-05,4194304.0,17039360.0,"[128, 512, 8, 8]","[128, 512, 1, 1]"
128,128,False,fc1,9.830400347709656e-06,33587200.0,918528.0,"[128, 512]","[128, 256]"
128,128,False,relu7,1.5359999611973762e-06,0.0,262144.0,"[128, 256]","[128, 256]"
128,128,False,fc2,7.065600156784058e-06,6566400.0,285072.0,"[128, 256]","[128, 100]"
256,256,False,conv1,0.004078796768188476,39460012032.0,738216320.0,"[256, 3, 256, 256]","[256, 32, 128, 128]"
256,256,False,relu1,0.0012697600364685057,0.0,1073741824.0,"[256, 32, 128, 128]","[256, 32, 128, 128]"
256,256,False,pool,0.0011395071983337402,0.0,671088640.0,"[256, 32, 128, 128]","[256, 32, 64, 64]"
256,256,False,conv2,0.005686681747436523,107374182400.0,402857984.0,"[256, 32, 64, 64]","[256, 64, 64, 64]"
256,256,False,relu2,0.0006352896213531494,0.0,536870912.0,"[256, 64, 64, 64]","[256, 64, 64, 64]"
256,256,False,conv3,0.0022026239395141604,38654705664.0,402948096.0,"[256, 64, 64, 64]","[256, 128, 32, 32]"
256,256,False,relu3,0.00031866879463195803,0.0,268435456.0,"[256, 128, 32, 32]","[256, 128, 32, 32]"
256,256,False,conv4,0.0011198464393615724,17179869184.0,402784256.0,"[256, 128, 32, 32]","[256, 256, 32, 32]"
256,256,False,relu4,0.0006355967998504638,0.0,536870912.0,"[256, 256, 32, 32]","[256, 256, 32, 32]"
256,256,False,conv5,0.004193971252441407,77309411328.0,337903616.0,"[256, 256, 32, 32]","[256, 256, 16, 16]"
256,256,False,relu5,0.0001605631947517395,0.0,134217728.0,"[256, 256, 16, 16]","[256, 256, 16, 16]"
256,256,False,conv6,0.0009587712287902831,17179869184.0,201850880.0,"[256, 256, 16, 16]","[256, 512, 16, 16]"
256,256,False,relu6,0.00031877119541168214,0.0,268435456.0,"[256, 512, 16, 16]","[256, 512, 16, 16]"
256,256,False,avgpool,0.0001550336003303528,33554432.0,134742016.0,"[256, 512, 16, 16]","[256, 512, 1, 1]"
256,256,False,fc1,1.4620800316333769e-05,67174400.0,1311744.0,"[256, 512]","[256, 256]"
256,256,False,relu7,1.5359999611973762e-06,0.0,524288.0,"[256, 256]","[256, 256]"
256,256,False,fc2,7.769600301980972e-06,13132800.0,467344.0,"[256, 256]","[256, 100]"
384,64,False,conv1,0.0023036928176879885,22196256768.0,415254912.0,"[64, 3, 384, 384]","[64, 32, 192, 192]"
384,64,False,relu1,0.00071495680809021,0.0,603979776.0,"[64, 32, 192, 192]","[64, 32, 192, 192]"
384,64,False,pool,0.0006310912132263183,0.0,377487360.0,"[64, 32, 192, 192]","[64, 32, 96, 96]"
384,64,False,conv2,0.0032411582946777345,60397977600.0,226697216.0,"[64, 32, 96, 96]","[64, 64, 96, 96]"
384,64,False,relu2,0.00035829761028289794,0.0,301989888.0,"[64, 64, 96, 96]","[64, 64, 96, 96]"
384,64,False,conv3,0.0012560383796691894,21743271936.0,226787328.0,"[64, 64, 96, 96]","[64, 128, 48, 48]"
384,64,False,relu3,0.00018012160062789916,0.0,150994944.0,"[64, 128, 48, 48]","[64, 128, 48, 48]"
384,64,False,conv4,0.0005597055912017823,9663676416.0,226623488.0,"[64, 128, 48, 48]","[64, 256, 48, 48]"
384,64,False,relu4,0.0003585024118423462,0.0,301989888.0,"[64, 256, 48, 48]","[64, 256, 48, 48]"
384,64,False,conv5,0.002464563179016113,43486543872.0,191102976.0,"[64, 256, 48, 48]","[64, 256, 24, 24]"
384,64,False,relu5,9.100800156593324e-05,0.0,75497472.0,"[64, 256, 24, 24]","[64, 256, 24, 24]"
384,64,False,conv6,0.0005342207908630371,9663676416.0,113770496.0,"[64, 256, 24, 24]","[64, 512, 24, 24]"
384,64,False,relu6,0.00018012160062789916,0.0,150994944.0,"[64, 512, 24, 24]","[64, 512, 24, 24]"
384,64,False,avgpool,8.939520120620727e-05,18874368.0,75628544.0,"[64, 512, 24, 24]","[64, 512, 1, 1]"
384,64,False,fc1,8.390399813652039e-06,16793600.0,721920.0,"[64, 512]","[64, 256]"
384,64,False,relu7,1.4336000196635723e-06,0.0,131072.0,"[64, 256]","[64, 256]"
384,64,False,fc2,9.228800237178802e-06,3283200.0,193936.0,"[64, 256]","[64, 100]"
400,64,True,conv1,0.002509516716003418,24084480000.0,450578816.0,"[64, 3, 400, 400]","[64, 32, 200, 200]"
400,64,True,relu1,0.0007753407955169679,0.0,655360000.0,"[64, 32, 200, 200]","[64, 32, 200, 200]"
400,64,True,pool,0.000672870397567749,0.0,409600000.0,"[64, 32, 200, 200]","[64, 32, 100, 100]"
400,64,True,conv2,0.0034759681701660152,65536000000.0,245964800.0,"[64, 32, 100, 100]","[64, 64, 100, 100]"
400,64,True,relu2,0.0003886080026626587,0.0,327680000.0,"[64, 64, 100, 100]","[64, 64, 100, 100]"
400,64,True,conv3,0.0013523967742919921,23592960000.0,246054912.0,"[64, 64, 100, 100]","[64, 128, 50, 50]"
400,64,True,relu3,0.00019537919759750368,0.0,163840000.0,"[64, 128, 50, 50]","[64, 128, 50, 50]"
400,64,True,conv4,0.0006564767837524414,10485760000.0,245891072.0,"[64, 128, 50, 50]","[64, 256, 50, 50]"
400,64,True,relu4,0.0003887104034423828,0.0,327680000.0,"[64, 256, 50, 50]","[64, 256, 50, 50]"
400,64,True,conv5,0.002658387184143066,47185920000.0,207159296.0,"[64, 256, 50, 50]","[64, 256, 25, 25]"
400,64,True,relu5,9.850879907608031e-05,0.0,81920000.0,"[64, 256, 25, 25]","[64, 256, 25, 25]"
400,64,True,conv6,0.0006123424053192138,10485760000.0,123404288.0,"[64, 256, 25, 25]","[64, 512, 25, 25]"
400,64,True,relu6,0.00019537919759750368,0.0,163840000.0,"[64, 512, 25, 25]","[64, 512, 25, 25]"
400,64,True,avgpool,9.687039852142334e-05,20480000.0,82051072.0,"[64, 512, 25, 25]","[64, 512, 1, 1]"
400,64,True,fc1,8.49599987268448e-06,16793600.0,721920.0,"[64, 512]","[64, 256]"
400,64,True,relu7,1.5296000055968762e-06,0.0,131072.0,"[64, 256]","[64, 256]"
400,64,True,fc2,9.430400282144547e-06,3283200.0,193936.0,"[64, 256]","[64, 100]"
32,56,True,conv1,1.6076800227165222e-05,134873088.0,2541952.0,"[56, 3, 32, 32]","[56, 32, 16, 16]"
32,56,True,relu1,2.252800017595291e-06,0.0,3670016.0,"[56, 32, 16, 16]","[56, 32, 16, 16]"
32,56,True,pool,4.812800139188767e-06,0.0,2293760.0,"[56, 32, 16, 16]","[56, 32, 8, 8]"
32,56,True,conv2,4.678080081939697e-05,367001600.0,1581056.0,"[56, 32, 8, 8]","[56, 64, 8, 8]"
32,56,True,relu2,1.7408000305294992e-06,0.0,1835008.0,"[56, 64, 8, 8]","[56, 64, 8, 8]"
32,56,True,conv3,2.4780799448490145e-05,132120576.0,1671168.0,"[56, 64, 8, 8]","[56, 128, 4, 4]"
32,56,True,relu3,1.4336000196635723e-06,0.0,917504.0,"[56, 128, 4, 4]","[56, 128, 4, 4]"
32,56,True,conv4,1.594240069389343e-05,58720256.0,1507328.0,"[56, 128, 4, 4]","[56, 256, 4, 4]"
32,56,True,relu4,1.7408000305294992e-06,0.0,1835008.0,"[56, 256, 4, 4]","[56, 256, 4, 4]"
32,56,True,conv5,9.195520281791686e-05,264241152.0,3506176.0,"[56, 256, 4, 4]","[56, 256, 2, 2]"
32,56,True,relu5,1.331199984997511e-06,0.0,458752.0,"[56, 256, 2, 2]","[56, 256, 2, 2]"
32,56,True,conv6,1.4131200313568115e-05,58720256.0,1212416.0,"[56, 256, 2, 2]","[56, 512, 2, 2]"
32,56,True,relu6,1.4336000196635723e-06,0.0,917504.0,"[56, 512, 2, 2]","[56, 512, 2, 2]"
32,56,True,avgpool,2.3552000522613525e-06,114688.0,573440.0,"[56, 512, 2, 2]","[56, 512, 1, 1]"
32,56,True,fc1,6.860800087451935e-06,14694400.0,697344.0,"[56, 512]","[56, 256]"
32,56,True,relu7,1.331199984997511e-06,0.0,114688.0,"[56, 256]","[56, 256]"
32,56,True,fc2,7.85600021481514e-06,2872800.0,182544.0,"[56, 256]","[56, 100]"
384,1,False,conv1,3.6735999584198e-05,346816512.0,6506880.0,"[1, 3, 384, 384]","[1, 32, 192, 192]"
384,1,False,relu1,4.0736000984907145e-06,0.0,9437184.0,"[1, 32, 192, 192]","[1, 32, 192, 192]"
384,1,False,pool,1.1059200018644333e-05,0.0,5898240.0,"[1, 32, 192, 192]","[1, 32, 96, 96]"
384,1,False,conv2,7.279040217399597e-05,943718400.0,3743744.0,"[1, 32, 96, 96]","[1, 64, 96, 96]"
384,1,False,relu2,2.457600086927414e-06,0.0,4718592.0,"[1, 64, 96, 96]","[1, 64, 96, 96]"
384,1,False,conv3,3.9219200611114504e-05,339738624.0,3833856.0,"[1, 64, 96, 96]","[1, 128, 48, 48]"
384,1,False,relu3,1.8432000651955603e-06,0.0,2359296.0,"[1, 128, 48, 48]","[1, 128, 48, 48]"
384,1,False,conv4,1.8323199450969697e-05,150994944.0,3670016.0,"[1, 128, 48, 48]","[1, 256, 48, 48]"
384,1,False,relu4,2.457600086927414e-06,0.0,4718592.0,"[1, 256, 48, 48]","[1, 256, 48, 48]"
384,1,False,conv5,9.2876797914505e-05,679477248.0,5308416.0,"[1, 256, 48, 48]","[1, 256, 24, 24]"
384,1,False,relu5,1.5359999611973762e-06,0.0,1179648.0,"[1, 256, 24, 24]","[1, 256, 24, 24]"
384,1,False,conv6,1.8121600151062013e-05,150994944.0,2293760.0,"[1, 256, 24, 24]","[1, 512, 24, 24]"
384,1,False,relu6,1.9328000023961066e-06,0.0,2359296.0,"[1, 512, 24, 24]","[1, 512, 24, 24]"
384,1,False,avgpool,2.8672000393271445e-06,294912.0,1181696.0,"[1, 512, 24, 24]","[1, 512, 1, 1]"
384,1,False,fc1,3.2767999917268756e-06,262400.0,528384.0,"[1, 512]","[1, 256]"
384,1,False,relu7,1.331199984997511e-06,0.0,2048.0,"[1, 256]","[1, 256]"
384,1,False,fc2,2.662399969995022e-06,51300.0,104224.0,"[1, 256]","[1, 100]"
32,29,True,conv1,1.1161600053310394e-05,69844992.0,1325440.0,"[29, 3, 32, 32]","[29, 32, 16, 16]"
32,29,True,relu1,1.8432000651955603e-06,0.0,1900544.0,"[29, 32, 16, 16]","[29, 32, 16, 16]"
32,29,True,pool,3.2575998455286025e-06,0.0,1187840.0,"[29, 32, 16, 16]","[29, 32, 8, 8]"
32,29,True,conv2,2.3756800591945647e-05,190054400.0,917504.0,"[29, 32, 8, 8]","[29, 64, 8, 8]"
32,29,True,relu2,1.4336000196635723e-06,0.0,950272.0,"[29, 64, 8, 8]","[29, 64, 8, 8]"
32,29,True,conv3,2.365439981222153e-05,68419584.0,1007616.0,"[29, 64, 8, 8]","[29, 128, 4, 4]"
32,29,True,relu3,1.331199984997511e-06,0.0,475136.0,"[29, 128, 4, 4]","[29, 128, 4, 4]"
32,29,True,conv4,1.5667200088500975e-05,30408704.0,843776.0,"[29, 128, 4, 4]","[29, 256, 4, 4]"
32,29,True,relu4,1.4336000196635723e-06,0.0,950272.0,"[29, 256, 4, 4]","[29, 256, 4, 4]"
32,29,True,conv5,9.0310400724411e-05,136839168.0,2953216.0,"[29, 256, 4, 4]","[29, 256, 2, 2]"
32,29,True,relu5,1.3088000006973744e-06,0.0,237568.0,"[29, 256, 2, 2]","[29, 256, 2, 2]"
32,29,True,conv6,1.2995199859142304e-05,30408704.0,880640.0,"[29, 256, 2, 2]","[29, 512, 2, 2]"
32,29,True,relu6,1.331199984997511e-06,0.0,475136.0,"[29, 512, 2, 2]","[29, 512, 2, 2]"
32,29,True,avgpool,2.1376000717282294e-06,59392.0,296960.0,"[29, 512, 2, 2]","[29, 512, 1, 1]"
32,29,True,fc1,6.246399879455567e-06,7609600.0,614400.0,"[29, 512]","[29, 256]"
32,29,True,relu7,1.312000025063753e-06,0.0,59392.0,"[29, 256]","[29, 256]"
32,29,True,fc2,7.782399654388428e-06,1487700.0,144096.0,"[29, 256]","[29, 100]"
80,4,True,conv1,1.0751999914646148e-05,60211200.0,1145216.0,"[4, 3, 80, 80]","[4, 32, 40, 40]"
80,4,True,relu1,1.6383999958634378e-06,0.0,1638400.0,"[4, 32, 40, 40]","[4, 32, 40, 40]"
80,4,True,pool,3.174399957060814e-06,0.0,1024000.0,"[4, 32, 40, 40]","[4, 32, 20, 20]"
80,4,True,conv2,4.3929600715637206e-05,163840000.0,819200.0,"[4, 32, 20, 20]","[4, 64, 20, 20]"
80,4,True,relu2,1.4336000196635723e-06,0.0,819200.0,"[4, 64, 20, 20]","[4, 64, 20, 20]"
80,4,True,conv3,2.385919988155365e-05,58982400.0,909312.0,"[4, 64, 20, 20]","[4, 128, 10, 10]"
80,4,True,relu3,1.331199984997511e-06,0.0,409600.0,"[4, 128, 10, 10]","[4, 128, 10, 10]"
80,4,True,conv4,1.5667200088500975e-05,26214400.0,745472.0,"[4, 128, 10, 10]","[4, 256, 10, 10]"
80,4,True,relu4,1.4336000196635723e-06,0.0,819200.0,"[4, 256, 10, 10]","[4, 256, 10, 10]"
80,4,True,conv5,8.774080276489258e-05,117964800.0,2871296.0,"[4, 256, 10, 10]","[4, 256, 5, 5]"
80,4,True,relu5,1.228800043463707e-06,0.0,204800.0,"[4, 256, 5, 5]","[4, 256, 5, 5]"
80,4,True,conv6,1.1776000261306763e-05,26214400.0,831488.0,"[4, 256, 5, 5]","[4, 512, 5, 5]"
80,4,True,relu6,1.324800029397011e-06,0.0,409600.0,"[4, 512, 5, 5]","[4, 512, 5, 5]"
80,4,True,avgpool,2.0479999482631684e-06,51200.0,212992.0,"[4, 512, 5, 5]","[4, 512, 1, 1]"
80,4,True,fc1,3.3792000263929365e-06,1049600.0,537600.0,"[4, 512]","[4, 256]"
80,4,True,relu7,1.228800043463707e-06,0.0,8192.0,"[4, 256]","[4, 256]"
80,4,True,fc2,2.332800067961216e-06,205200.0,108496.0,"[4, 256]","[4, 100]"
512,128,False,conv1,0.008150508880615234,78920024064.0,1476413824.0,"[128, 3, 512, 512]","[128, 32, 256, 256]"
512,128,False,relu1,0.0025372608184814453,0.0,2147483648.0,"[128, 32, 256, 256]","[128, 32, 256, 256]"
512,128,False,pool,0.0022462463378906247,0.0,1342177280.0,"[128, 32, 256, 256]","[128, 32, 128, 128]"
512,128,False,conv2,0.011439820861816406,214748364800.0,805511168.0,"[128, 32, 128, 128]","[128, 64, 128, 128]"
512,128,False,relu2,0.0012694527626037598,0.0,1073741824.0,"[128, 64, 128, 128]","[128, 64, 128, 128]"
512,128,False,conv3,0.004313804626464844,77309411328.0,805601280.0,"[128, 64, 128, 128]","[128, 128, 64, 64]"
512,128,False,relu3,0.0006355807781219482,0.0,536870912.0,"[128, 128, 64, 64]","[128, 128, 64, 64]"
512,128,False,conv4,0.0020435968399047854,34359738368.0,805437440.0,"[128, 128, 64, 64]","[128, 256, 64, 64]"
512,128,False,relu4,0.0012699647903442384,0.0,1073741824.0,"[128, 256, 64, 64]","[128, 256, 64, 64]"
512,128,False,conv5,0.008295629119873046,154618822656.0,673447936.0,"[128, 256, 64, 64]","[128, 256, 32, 32]"
512,128,False,relu5,0.00031887359619140626,0.0,268435456.0,"[128, 256, 32, 32]","[128, 256, 32, 32]"
512,128,False,conv6,0.0020477951049804686,34359738368.0,403177472.0,"[128, 256, 32, 32]","[128, 512, 32, 32]"
512,128,False,relu6,0.0006356991767883301,0.0,536870912.0,"[128, 512, 32, 32]","[128, 512, 32, 32]"
512,128,False,avgpool,0.00030453760623931885,67108864.0,268697600.0,"[128, 512, 32, 32]","[128, 512, 1, 1]"
512,128,False,fc1,8.806400001049041e-06,33587200.0,918528.0,"[128, 512]","[128, 256]"
512,128,False,relu7,1.4336000196635723e-06,0.0,262144.0,"[128, 256]","[128, 256]"
512,128,False,fc2,6.143999844789505e-06,6566400.0,285072.0,"[128, 256]","[128, 100]"
352,179,True,conv1,0.005348147201538086,52164575232.0,975886720.0,"[179, 3, 352, 352]","[179, 32, 176, 176]"
352,179,True,relu1,0.0016776191711425782,0.0,1419444224.0,"[179, 32, 176, 176]","[179, 32, 176, 176]"
352,179,True,pool,0.0014512127876281737,0.0,887152640.0,"[179, 32, 176, 176]","[179, 32, 88, 88]"
352,179,True,conv2,0.007566336059570312,141944422400.0,532496384.0,"[179, 32, 88, 88]","[179, 64, 88, 88]"
352,179,True,relu2,0.000839356803894043,0.0,709722112.0,"[179, 64, 88, 88]","[179, 64, 88, 88]"
352,179,True,conv3,0.002899456024169922,51099992064.0,532586496.0,"[179, 64, 88, 88]","[179, 128, 44, 44]"
352,179,True,relu3,0.00042055678367614746,0.0,354861056.0,"[179, 128, 44, 44]","[179, 128, 44, 44]"
352,179,True,conv4,0.0015010784149169921,22711107584.0,532422656.0,"[179, 128, 44, 44]","[179, 256, 44, 44]"
352,179,True,relu4,0.0008396800041198732,0.0,709722112.0,"[179, 256, 44, 44]","[179, 256, 44, 44]"
352,179,True,conv5,0.005663129425048828,102199984128.0,445935616.0,"[179, 256, 44, 44]","[179, 256, 22, 22]"
352,179,True,relu5,0.00021145598888397217,0.0,177430528.0,"[179, 256, 22, 22]","[179, 256, 22, 22]"
352,179,True,conv6,0.00130447359085083,22711107584.0,266670080.0,"[179, 256, 22, 22]","[179, 512, 22, 22]"
352,179,True,relu6,0.0004208640098571777,0.0,354861056.0,"[179, 512, 22, 22]","[179, 512, 22, 22]"
352,179,True,avgpool,0.00020439040660858153,44357632.0,177797120.0,"[179, 512, 22, 22]","[179, 512, 1, 1]"
352,179,True,fc1,1.0751999914646148e-05,46969600.0,1075200.0,"[179, 512]","[179, 256]"
352,179,True,relu7,1.6383999958634378e-06,0.0,366592.0,"[179, 256]","[179, 256]"
352,179,True,fc2,7.1680001914501194e-06,9182700.0,357696.0,"[179, 256]","[179, 100]"
400,256,True,conv1,0.009873897552490235,96337920000.0,1802258816.0,"[256, 3, 400, 400]","[256, 32, 200, 200]"
400,256,True,relu1,0.003097980880737305,0.0,2621440000.0,"[256, 32, 200, 200]","[256, 32, 200, 200]"
400,256,True,pool,0.0026785791397094727,0.0,1638400000.0,"[256, 32, 200, 200]","[256, 32, 100, 100]"
400,256,True,conv2,0.014056550598144531,262144000000.0,983244800.0,"[256, 32, 100, 100]","[256, 64, 100, 100]"
400,256,True,relu2,0.00154900484085083,0.0,1310720000.0,"[256, 64, 100, 100]","[256, 64, 100, 100]"
400,256,True,conv3,0.005317836761474609,94371840000.0,983334912.0,"[256, 64, 100, 100]","[256, 128, 50, 50]"
400,256,True,relu3,0.0007757728099822999,0.0,655360000.0,"[256, 128, 50, 50]","[256, 128, 50, 50]"
400,256,True,conv4,0.00288889274597168,41943040000.0,983171072.0,"[256, 128, 50, 50]","[256, 256, 50, 50]"
400,256,True,relu4,0.0015509504318237306,0.0,1310720000.0,"[256, 256, 50, 50]","[256, 256, 50, 50]"
400,256,True,conv5,0.01029232635498047,188743680000.0,821559296.0,"[256, 256, 50, 50]","[256, 256, 25, 25]"
400,256,True,relu5,0.0003887840032577515,0.0,327680000.0,"[256, 256, 25, 25]","[256, 256, 25, 25]"
400,256,True,conv6,0.002348227119445801,41943040000.0,492044288.0,"[256, 256, 25, 25]","[256, 512, 25, 25]"
400,256,True,relu6,0.0007757823944091796,0.0,655360000.0,"[256, 512, 25, 25]","[256, 512, 25, 25]"
400,256,True,avgpool,0.00037498879432678223,81920000.0,328204288.0,"[256, 512, 25, 25]","[256, 512, 1, 1]"
400,256,True,fc1,1.37472003698349e-05,67174400.0,1311744.0,"[256, 512]","[256, 256]"
400,256,True,relu7,1.5359999611973762e-06,0.0,524288.0,"[256, 256]","[256, 256]"
400,256,True,fc2,7.1680001914501194e-06,13132800.0,467344.0,"[256, 256]","[256, 100]"
512,56,True,conv1,0.0035730430603027343,34527510528.0,645941632.0,"[56, 3, 512, 512]","[56, 32, 256, 256]"
512,56,True,relu1,0.0011110400199890137,0.0,939524096.0,"[56, 32, 256, 256]","[56, 32, 256, 256]"
512,56,True,pool,0.00098406400680542,0.0,587202560.0,"[56, 32, 256, 256]","[56, 32, 128, 128]"
512,56,True,conv2,0.005036646270751953,93952409600.0,352526336.0,"[56, 32, 128, 128]","[56, 64, 128, 128]"
512,56,True,relu2,0.0005562367916107177,0.0,469762048.0,"[56, 64, 128, 128]","[56, 64, 128, 128]"
512,56,True,conv3,0.0019379199981689453,33822867456.0,352616448.0,"[56, 64, 128, 128]","[56, 128, 64, 64]"
512,56,True,relu3,0.0002791424036026001,0.0,234881024.0,"[56, 128, 64, 64]","[56, 128, 64, 64]"
512,56,True,conv4,0.0009179136276245118,15032385536.0,352452608.0,"[56, 128, 64, 64]","[56, 256, 64, 64]"
512,56,True,relu4,0.0005562367916107177,0.0,469762048.0,"[56, 256, 64, 64]","[56, 256, 64, 64]"
512,56,True,conv5,0.003701862335205078,67645734912.0,295960576.0,"[56, 256, 64, 64]","[56, 256, 32, 32]"
512,56,True,relu5,0.0001405951976776123,0.0,117440512.0,"[56, 256, 32, 32]","[56, 256, 32, 32]"
512,56,True,conv6,0.0008401920318603515,15032385536.0,176685056.0,"[56, 256, 32, 32]","[56, 512, 32, 32]"
512,56,True,relu6,0.0002795520067214966,0.0,234881024.0,"[56, 512, 32, 32]","[56, 512, 32, 32]"
512,56,True,avgpool,0.0001350656032562256,29360128.0,117555200.0,"[56, 512, 32, 32]","[56, 512, 1, 1]"
512,56,True,fc1,8.291199803352356e-06,14694400.0,697344.0,"[56, 512]","[56, 256]"
512,56,True,relu7,1.4336000196635723e-06,0.0,114688.0,"[56, 256]","[56, 256]"
512,56,True,fc2,9.216000139713287e-06,2872800.0,182544.0,"[56, 256]","[56, 100]"
32,179,True,conv1,4.2905598878860474e-05,431112192.0,8083840.0,"[179, 3, 32, 32]","[179, 32, 16, 16]"
32,179,True,relu1,6.553599983453751e-06,0.0,11730944.0,"[179, 32, 16, 16]","[179, 32, 16, 16]"
32,179,True,pool,1.4636799693107605e-05,0.0,7331840.0,"[179, 32, 16, 16]","[179, 32, 8, 8]"
32,179,True,conv2,0.00011673599481582641,1173094400.0,4603904.0,"[179, 32, 8, 8]","[179, 64, 8, 8]"
32,179,True,relu2,2.764800004661083e-06,0.0,5865472.0,"[179, 64, 8, 8]","[179, 64, 8, 8]"
32,179,True,conv3,5.099520087242127e-05,422313984.0,4694016.0,"[179, 64, 8, 8]","[179, 128, 4, 4]"
32,179,True,relu3,2.0479999482631684e-06,0.0,2932736.0,"[179, 128, 4, 4]","[179, 128, 4, 4]"
32,179,True,conv4,2.1094399690628052e-05,187695104.0,4530176.0,"[179, 128, 4, 4]","[179, 256, 4, 4]"
32,179,True,relu4,2.764800004661083e-06,0.0,5865472.0,"[179, 256, 4, 4]","[179, 256, 4, 4]"
32,179,True,conv5,0.00013442879915237426,844627968.0,6025216.0,"[179, 256, 4, 4]","[179, 256, 2, 2]"
32,179,True,relu5,1.6160000115633013e-06,0.0,1466368.0,"[179, 256, 2, 2]","[179, 256, 2, 2]"
32,179,True,conv6,2.7337598800659183e-05,187695104.0,2723840.0,"[179, 256, 2, 2]","[179, 512, 2, 2]"
32,179,True,relu6,2.0479999482631684e-06,0.0,2932736.0,"[179, 512, 2, 2]","[179, 512, 2, 2]"
32,179,True,avgpool,4.812800139188767e-06,366592.0,1832960.0,"[179, 512, 2, 2]","[179, 512, 1, 1]"
32,179,True,fc1,9.625600278377534e-06,46969600.0,1075200.0,"[179, 512]","[179, 256]"
32,179,True,relu7,1.4336000196635723e-06,0.0,366592.0,"[179, 256]","[179, 256]"
32,179,True,fc2,6.348799914121628e-06,9182700.0,357696.0,"[179, 256]","[179, 100]"
400,128,True,conv1,0.00499372787475586,48168960000.0,901138816.0,"[128, 3, 400, 400]","[128, 32, 200, 200]"
400,128,True,relu1,0.0015499135971069338,0.0,1310720000.0,"[128, 32, 200, 200]","[128, 32, 200, 200]"
400,128,True,pool,0.0013406208038330078,0.0,819200000.0,"[128, 32, 200, 200]","[128, 32, 100, 100]"
400,128,True,conv2,0.007007622528076173,131072000000.0,491724800.0,"[128, 32, 100, 100]","[128, 64, 100, 100]"
400,128,True,relu2,0.00077608962059021,0.0,655360000.0,"[128, 64, 100, 100]","[128, 64, 100, 100]"
400,128,True,conv3,0.002679091262817383,47185920000.0,491814912.0,"[128, 64, 100, 100]","[128, 128, 50, 50]"
400,128,True,relu3,0.00038860158920288085,0.0,327680000.0,"[128, 128, 50, 50]","[128, 128, 50, 50]"
400,128,True,conv4,0.0012928000450134276,20971520000.0,491651072.0,"[128, 128, 50, 50]","[128, 256, 50, 50]"
400,128,True,relu4,0.0007756608009338379,0.0,655360000.0,"[128, 256, 50, 50]","[128, 256, 50, 50]"
400,128,True,conv5,0.005224115371704101,94371840000.0,411959296.0,"[128, 256, 50, 50]","[128, 256, 25, 25]"
400,128,True,relu5,0.00019547200202941895,0.0,163840000.0,"[128, 256, 25, 25]","[128, 256, 25, 25]"
400,128,True,conv6,0.0012098560333251953,20971520000.0,246284288.0,"[128, 256, 25, 25]","[128, 512, 25, 25]"
400,128,True,relu6,0.0003887104034423828,0.0,327680000.0,"[128, 512, 25, 25]","[128, 512, 25, 25]"
400,128,True,avgpool,0.00018954240083694456,40960000.0,164102144.0,"[128, 512, 25, 25]","[128, 512, 1, 1]"
400,128,True,fc1,9.011200070381165e-06,33587200.0,918528.0,"[128, 512]","[128, 256]"
400,128,True,relu7,1.4336000196635723e-06,0.0,262144.0,"[128, 256]","[128, 256]"
400,128,True,fc2,6.4447999000549315e-06,6566400.0,285072.0,"[128, 256]","[128, 100]"
80,29,True,conv1,4.473919868469238e-05,436531200.0,8185216.0,"[29, 3, 80, 80]","[29, 32, 40, 40]"
80,29,True,relu1,6.758400052785873e-06,0.0,11878400.0,"[29, 32, 40, 40]","[29, 32, 40, 40]"
80,29,True,pool,1.4524799585342407e-05,0.0,7424000.0,"[29, 32, 40, 40]","[29, 32, 20, 20]"
80,29,True,conv2,0.00011386879682540893,1187840000.0,4659200.0,"[29, 32, 20, 20]","[29, 64, 20, 20]"
80,29,True,relu2,2.8672000393271445e-06,0.0,5939200.0,"[29, 64, 20, 20]","[29, 64, 20, 20]"
80,29,True,conv3,5.171200037002564e-05,427622400.0,4749312.0,"[29, 64, 20, 20]","[29, 128, 10, 10]"
80,29,True,relu3,2.0479999482631684e-06,0.0,2969600.0,"[29, 128, 10, 10]","[29, 128, 10, 10]"
80,29,True,conv4,2.1094399690628052e-05,190054400.0,4585472.0,"[29, 128, 10, 10]","[29, 256, 10, 10]"
80,29,True,relu4,2.8672000393271445e-06,0.0,5939200.0,"[29, 256, 10, 10]","[29, 256, 10, 10]"
80,29,True,conv5,0.00012707840204238892,855244800.0,6071296.0,"[29, 256, 10, 10]","[29, 256, 5, 5]"
80,29,True,relu5,1.6351999714970589e-06,0.0,1484800.0,"[29, 256, 5, 5]","[29, 256, 5, 5]"
80,29,True,conv6,2.5702399015426635e-05,190054400.0,2751488.0,"[29, 256, 5, 5]","[29, 512, 5, 5]"
80,29,True,relu6,2.0479999482631684e-06,0.0,2969600.0,"[29, 512, 5, 5]","[29, 512, 5, 5]"
80,29,True,avgpool,4.083200171589851e-06,371200.0,1544192.0,"[29, 512, 5, 5]","[29, 512, 1, 1]"
80,29,True,fc1,6.451199948787689e-06,7609600.0,614400.0,"[29, 512]","[29, 256]"
80,29,True,relu7,1.3055999763309954e-06,0.0,59392.0,"[29, 256]","[29, 256]"
80,29,True,fc2,7.977599650621413e-06,1487700.0,144096.0,"[29, 256]","[29, 100]"
256,8,False,conv1,0.00011356159448623656,1233125376.0,23087488.0,"[8, 3, 256, 256]","[8, 32, 128, 128]"
256,8,False,relu1,4.095999896526337e-05,0.0,33554432.0,"[8, 32, 128, 128]","[8, 32, 128, 128]"
256,8,False,pool,3.74783992767334e-05,0.0,20971520.0,"[8, 32, 128, 128]","[8, 32, 64, 64]"
256,8,False,conv2,0.00021944320201873778,3355443200.0,12787712.0,"[8, 32, 64, 64]","[8, 64, 64, 64]"
256,8,False,relu2,2.037760019302368e-05,0.0,16777216.0,"[8, 64, 64, 64]","[8, 64, 64, 64]"
256,8,False,conv3,9.973760247230529e-05,1207959552.0,12877824.0,"[8, 64, 64, 64]","[8, 128, 32, 32]"
256,8,False,relu3,4.095999896526337e-06,0.0,8388608.0,"[8, 128, 32, 32]","[8, 128, 32, 32]"
256,8,False,conv4,4.331519901752472e-05,536870912.0,12713984.0,"[8, 128, 32, 32]","[8, 256, 32, 32]"
256,8,False,relu4,2.037760019302368e-05,0.0,16777216.0,"[8, 256, 32, 32]","[8, 256, 32, 32]"
256,8,False,conv5,0.000215449595451355,2415919104.0,12845056.0,"[8, 256, 32, 32]","[8, 256, 16, 16]"
256,8,False,relu5,2.457600086927414e-06,0.0,4194304.0,"[8, 256, 16, 16]","[8, 256, 16, 16]"
256,8,False,conv6,3.623040020465851e-05,536870912.0,6815744.0,"[8, 256, 16, 16]","[8, 512, 16, 16]"
256,8,False,relu6,4.080000147223472e-06,0.0,8388608.0,"[8, 512, 16, 16]","[8, 512, 16, 16]"
256,8,False,avgpool,4.608000069856643e-06,1048576.0,4210688.0,"[8, 512, 16, 16]","[8, 512, 1, 1]"
256,8,False,fc1,4.812800139188767e-06,2099200.0,549888.0,"[8, 512]","[8, 256]"
256,8,False,relu7,1.331199984997511e-06,0.0,16384.0,"[8, 256]","[8, 256]"
256,8,False,fc2,3.062400035560131e-06,410400.0,114192.0,"[8, 256]","[8, 100]"
224,56,True,conv1,0.0006679423809051513,6608781312.0,123652480.0,"[56, 3, 224, 224]","[56, 32, 112, 112]"
224,56,True,relu1,0.00021420800685882567,0.0,179830784.0,"[56, 32, 112, 112]","[56, 32, 112, 112]"
224,56,True,pool,0.0001861631989479065,0.0,112394240.0,"[56, 32, 112, 112]","[56, 32, 56, 56]"
224,56,True,conv2,0.0009941984176635743,17983078400.0,67641344.0,"[56, 32, 56, 56]","[56, 64, 56, 56]"
224,56,True,relu2,0.00010802880525588989,0.0,89915392.0,"[56, 64, 56, 56]","[56, 64, 56, 56]"
224,56,True,conv3,0.00043479042053222656,6473908224.0,67731456.0,"[56, 64, 56, 56]","[56, 128, 28, 28]"
224,56,True,relu3,5.49888014793396e-05,0.0,44957696.0,"[56, 128, 28, 28]","[56, 128, 28, 28]"
224,56,True,conv4,0.00018350080251693725,2877292544.0,67567616.0,"[56, 128, 28, 28]","[56, 256, 28, 28]"
224,56,True,relu4,0.00010792959928512572,0.0,89915392.0,"[56, 256, 28, 28]","[56, 256, 28, 28]"
224,56,True,conv5,0.0008024064064025879,12947816448.0,58556416.0,"[56, 256, 28, 28]","[56, 256, 14, 14]"
224,56,True,relu5,2.825599908828735e-05,0.0,22478848.0,"[56, 256, 14, 14]","[56, 256, 14, 14]"
224,56,True,conv6,0.00027576320171356203,2877292544.0,34242560.0,"[56, 256, 14, 14]","[56, 512, 14, 14]"
224,56,True,relu6,5.488640069961548e-05,0.0,44957696.0,"[56, 512, 14, 14]","[56, 512, 14, 14]"
224,56,True,avgpool,3.173759877681732e-05,5619712.0,22593536.0,"[56, 512, 14, 14]","[56, 512, 1, 1]"
224,56,True,fc1,1.0239999741315842e-05,14694400.0,697344.0,"[56, 512]","[56, 256]"
224,56,True,relu7,1.7408000305294992e-06,0.0,114688.0,"[56, 256]","[56, 256]"
224,56,True,fc2,1.157120019197464e-05,2872800.0,182544.0,"[56, 256]","[56, 100]"
352,32,True,conv1,0.0010177536010742188,9325510656.0,174475648.0,"[32, 3, 352, 352]","[32, 32, 176, 176]"
352,32,True,relu1,0.0003014656066894531,0.0,253755392.0,"[32, 32, 176, 176]","[32, 32, 176, 176]"
352,32,True,pool,0.00026112000942230223,0.0,158597120.0,"[32, 32, 176, 176]","[32, 32, 88, 88]"
352,32,True,conv2,0.001396019172668457,25375539200.0,95363072.0,"[32, 32, 88, 88]","[32, 64, 88, 88]"
352,32,True,relu2,0.00015162559747695922,0.0,126877696.0,"[32, 64, 88, 88]","[32, 64, 88, 88]"
352,32,True,conv3,0.0006281216144561768,9135194112.0,95453184.0,"[32, 64, 88, 88]","[32, 128, 44, 44]"
352,32,True,relu3,7.66975998878479e-05,0.0,63438848.0,"[32, 128, 44, 44]","[32, 128, 44, 44]"
352,32,True,conv4,0.00024576001167297366,4060086272.0,95289344.0,"[32, 128, 44, 44]","[32, 256, 44, 44]"
352,32,True,relu4,0.00015164799690246583,0.0,126877696.0,"[32, 256, 44, 44]","[32, 256, 44, 44]"
352,32,True,conv5,0.0010285056114196778,18270388224.0,81657856.0,"[32, 256, 44, 44]","[32, 256, 22, 22]"
352,32,True,relu5,3.921279907226562e-05,0.0,31719424.0,"[32, 256, 22, 22]","[32, 256, 22, 22]"
352,32,True,conv6,0.0002283263921737671,4060086272.0,48103424.0,"[32, 256, 22, 22]","[32, 512, 22, 22]"
352,32,True,relu6,7.669439911842346e-05,0.0,63438848.0,"[32, 512, 22, 22]","[32, 512, 22, 22]"
352,32,True,avgpool,3.9423999190330503e-05,7929856.0,31784960.0,"[32, 512, 22, 22]","[32, 512, 1, 1]"
352,32,True,fc1,7.680000364780427e-06,8396800.0,623616.0,"[32, 512]","[32, 256]"
352,32,True,relu7,1.5231999568641186e-06,0.0,65536.0,"[32, 256]","[32, 256]"
352,32,True,fc2,9.523200243711471e-06,1641600.0,148368.0,"[32, 256]","[32, 100]"
128,32,False,conv1,0.00011356159448623656,1233125376.0,23087488.0,"[32, 3, 128, 128]","[32, 32, 64, 64]"
128,32,False,relu1,4.1062399744987485e-05,0.0,33554432.0,"[32, 32, 64, 64]","[32, 32, 64, 64]"
128,32,False,pool,3.7376001477241516e-05,0.0,20971520.0,"[32, 32, 64, 64]","[32, 32, 32, 32]"
128,32,False,conv2,0.00023500161170959474,3355443200.0,12787712.0,"[32, 32, 32, 32]","[32, 64, 32, 32]"
128,32,False,relu2,2.037760019302368e-05,0.0,16777216.0,"[32, 64, 32, 32]","[32, 64, 32, 32]"
128,32,False,conv3,8.079360127449036e-05,1207959552.0,12877824.0,"[32, 64, 32, 32]","[32, 128, 16, 16]"
128,32,False,relu3,4.095999896526337e-06,0.0,8388608.0,"[32, 128, 16, 16]","[32, 128, 16, 16]"
128,32,False,conv4,4.289279878139496e-05,536870912.0,12713984.0,"[32, 128, 16, 16]","[32, 256, 16, 16]"
128,32,False,relu4,2.0473599433898926e-05,0.0,16777216.0,"[32, 256, 16, 16]","[32, 256, 16, 16]"
128,32,False,conv5,0.00021678080558776855,2415919104.0,12845056.0,"[32, 256, 16, 16]","[32, 256, 8, 8]"
128,32,False,relu5,2.457600086927414e-06,0.0,4194304.0,"[32, 256, 8, 8]","[32, 256, 8, 8]"
128,32,False,conv6,5.375999808311463e-05,536870912.0,6815744.0,"[32, 256, 8, 8]","[32, 512, 8, 8]"
128,32,False,relu6,3.993599861860275e-06,0.0,8388608.0,"[32, 512, 8, 8]","[32, 512, 8, 8]"
128,32,False,avgpool,7.5456000864505765e-06,1048576.0,4259840.0,"[32, 512, 8, 8]","[32, 512, 1, 1]"
128,32,False,fc1,6.656000018119811e-06,8396800.0,623616.0,"[32, 512]","[32, 256]"
128,32,False,relu7,1.331199984997511e-06,0.0,65536.0,"[32, 256]","[32, 256]"
128,32,False,fc2,8.294399827718735e-06,1641600.0,148368.0,"[32, 256]","[32, 100]"
64,29,True,conv1,2.9081600904464718e-05,279379968.0,5245312.0,"[29, 3, 64, 64]","[29, 32, 32, 32]"
64,29,True,relu1,3.3792000263929365e-06,0.0,7602176.0,"[29, 32, 32, 32]","[29, 32, 32, 32]"
64,29,True,pool,8.70399996638298e-06,0.0,4751360.0,"[29, 32, 32, 32]","[29, 32, 16, 16]"
64,29,True,conv2,8.488000035285949e-05,760217600.0,3055616.0,"[29, 32, 16, 16]","[29, 64, 16, 16]"
64,29,True,relu2,2.15039998292923e-06,0.0,3801088.0,"[29, 64, 16, 16]","[29, 64, 16, 16]"
64,29,True,conv3,3.420160114765167e-05,273678336.0,3145728.0,"[29, 64, 16, 16]","[29, 128, 8, 8]"
64,29,True,relu3,1.7408000305294992e-06,0.0,1900544.0,"[29, 128, 8, 8]","[29, 128, 8, 8]"
64,29,True,conv4,1.6076800227165222e-05,121634816.0,2981888.0,"[29, 128, 8, 8]","[29, 256, 8, 8]"
64,29,True,relu4,2.227200008928776e-06,0.0,3801088.0,"[29, 256, 8, 8]","[29, 256, 8, 8]"
64,29,True,conv5,9.134079813957214e-05,547356672.0,4734976.0,"[29, 256, 8, 8]","[29, 256, 4, 4]"
64,29,True,relu5,1.5168000012636184e-06,0.0,950272.0,"[29, 256, 4, 4]","[29, 256, 4, 4]"
64,29,True,conv6,2.517760097980499e-05,121634816.0,1949696.0,"[29, 256, 4, 4]","[29, 512, 4, 4]"
64,29,True,relu6,1.7408000305294992e-06,0.0,1900544.0,"[29, 512, 4, 4]","[29, 512, 4, 4]"
64,29,True,avgpool,3.6864001303911207e-06,237568.0,1009664.0,"[29, 512, 4, 4]","[29, 512, 1, 1]"
64,29,True,fc1,6.348799914121628e-06,7609600.0,614400.0,"[29, 512]","[29, 256]"
64,29,True,relu7,1.228800043463707e-06,0.0,59392.0,"[29, 256]","[29, 256]"
64,29,True,fc2,7.884799689054489e-06,1487700.0,144096.0,"[29, 256]","[29, 100]"
128,8,False,conv1,3.2870399951934813e-05,308281344.0,5785984.0,"[8, 3, 128, 128]","[8, 32, 64, 64]"
128,8,False,relu1,3.7888001650571825e-06,0.0,8388608.0,"[8, 32, 64, 64]","[8, 32, 64, 64]"
128,8,False,pool,9.830400347709656e-06,0.0,5242880.0,"[8, 32, 64, 64]","[8, 32, 32, 32]"
128,8,False,conv2,7.884799838066101e-05,838860800.0,3350528.0,"[8, 32, 32, 32]","[8, 64, 32, 32]"
128,8,False,relu2,2.252800017595291e-06,0.0,4194304.0,"[8, 64, 32, 32]","[8, 64, 32, 32]"
128,8,False,conv3,3.860479891300201e-05,301989888.0,3440640.0,"[8, 64, 32, 32]","[8, 128, 16, 16]"
128,8,False,relu3,1.7408000305294992e-06,0.0,2097152.0,"[8, 128, 16, 16]","[8, 128, 16, 16]"
128,8,False,conv4,1.6076800227165222e-05,134217728.0,3276800.0,"[8, 128, 16, 16]","[8, 256, 16, 16]"
128,8,False,relu4,2.252800017595291e-06,0.0,4194304.0,"[8, 256, 16, 16]","[8, 256, 16, 16]"
128,8,False,conv5,9.182080030441284e-05,603979776.0,4980736.0,"[8, 256, 16, 16]","[8, 256, 8, 8]"
128,8,False,relu5,1.5359999611973762e-06,0.0,1048576.0,"[8, 256, 8, 8]","[8, 256, 8, 8]"
128,8,False,conv6,1.8432000279426573e-05,134217728.0,2097152.0,"[8, 256, 8, 8]","[8, 512, 8, 8]"
128,8,False,relu6,1.8432000651955603e-06,0.0,2097152.0,"[8, 512, 8, 8]","[8, 512, 8, 8]"
128,8,False,avgpool,3.174399957060814e-06,262144.0,1064960.0,"[8, 512, 8, 8]","[8, 512, 1, 1]"
128,8,False,fc1,4.608000069856643e-06,2099200.0,549888.0,"[8, 512]","[8, 256]"
128,8,False,relu7,1.228800043463707e-06,0.0,16384.0,"[8, 256]","[8, 256]"
128,8,False,fc2,2.9343999922275543e-06,410400.0,114192.0,"[8, 256]","[8, 100]"
512,16,False,conv1,0.001115443229675293,9865003008.0,184568192.0,"[16, 3, 512, 512]","[16, 32, 256, 256]"
512,16,False,relu1,0.00031887359619140626,0.0,268435456.0,"[16, 32, 256, 256]","[16, 32, 256, 256]"
512,16,False,pool,0.0002819072008132935,0.0,167772160.0,"[16, 32, 256, 256]","[16, 32, 128, 128]"
512,16,False,conv2,0.0014569472312927247,26843545600.0,100868096.0,"[16, 32, 128, 128]","[16, 64, 128, 128]"
512,16,False,relu2,0.00016035840511322022,0.0,134217728.0,"[16, 64, 128, 128]","[16, 64, 128, 128]"
512,16,False,conv3,0.0005730175971984863,9663676416.0,100958208.0,"[16, 64, 128, 128]","[16, 128, 64, 64]"
512,16,False,relu3,8.110079765319825e-05,0.0,67108864.0,"[16, 128, 64, 64]","[16, 128, 64, 64]"
512,16,False,conv4,0.0002543616056442261,4294967296.0,100794368.0,"[16, 128, 64, 64]","[16, 256, 64, 64]"
512,16,False,relu4,0.00016025600433349608,0.0,134217728.0,"[16, 256, 64, 64]","[16, 256, 64, 64]"
512,16,False,conv5,0.0011585536003112793,19327352832.0,86245376.0,"[16, 256, 64, 64]","[16, 256, 32, 32]"
512,16,False,relu5,4.126720130443573e-05,0.0,33554432.0,"[16, 256, 32, 32]","[16, 256, 32, 32]"
512,16,False,conv6,0.00024115200042724609,4294967296.0,50855936.0,"[16, 256, 32, 32]","[16, 512, 32, 32]"
512,16,False,relu6,8.09984028339386e-05,0.0,67108864.0,"[16, 512, 32, 32]","[16, 512, 32, 32]"
512,16,False,avgpool,4.147199988365173e-05,8388608.0,33587200.0,"[16, 512, 32, 32]","[16, 512, 1, 1]"
512,16,False,fc1,6.656000018119811e-06,4198400.0,574464.0,"[16, 512]","[16, 256]"
512,16,False,relu7,1.5200000256299973e-06,0.0,32768.0,"[16, 256]","[16, 256]"
512,16,False,fc2,3.4816000610589983e-06,820800.0,125584.0,"[16, 256]","[16, 100]"
224,29,True,conv1,0.0003057663917541504,3422404608.0,64043392.0,"[29, 3, 224, 224]","[29, 32, 112, 112]"
224,29,True,relu1,0.00011182080507278444,0.0,93126656.0,"[29, 32, 112, 112]","[29, 32, 112, 112]"
224,29,True,pool,9.93120014667511e-05,0.0,58204160.0,"[29, 32, 112, 112]","[29, 32, 56, 56]"
224,29,True,conv2,0.0005184512138366699,9312665600.0,35127296.0,"[29, 32, 56, 56]","[29, 64, 56, 56]"
224,29,True,relu2,5.6627202033996587e-05,0.0,46563328.0,"[29, 64, 56, 56]","[29, 64, 56, 56]"
224,29,True,conv3,0.0002909183979034424,3352559616.0,35217408.0,"[29, 64, 56, 56]","[29, 128, 28, 28]"
224,29,True,relu3,2.8979200124740603e-05,0.0,23281664.0,"[29, 128, 28, 28]","[29, 128, 28, 28]"
224,29,True,conv4,0.00010086400508880614,1490026496.0,35053568.0,"[29, 128, 28, 28]","[29, 256, 28, 28]"
224,29,True,relu4,5.652480125427246e-05,0.0,46563328.0,"[29, 256, 28, 28]","[29, 256, 28, 28]"
224,29,True,conv5,0.00046213121414184565,6705119232.0,31461376.0,"[29, 256, 28, 28]","[29, 256, 14, 14]"
224,29,True,relu5,6.656000018119811e-06,0.0,11640832.0,"[29, 256, 14, 14]","[29, 256, 14, 14]"
224,29,True,conv6,0.00014612480401992797,1490026496.0,17985536.0,"[29, 256, 14, 14]","[29, 512, 14, 14]"
224,29,True,relu6,2.9081600904464718e-05,0.0,23281664.0,"[29, 512, 14, 14]","[29, 512, 14, 14]"
224,29,True,avgpool,1.7100800573825835e-05,2910208.0,11700224.0,"[29, 512, 14, 14]","[29, 512, 1, 1]"
224,29,True,fc1,7.372800260782241e-06,7609600.0,614400.0,"[29, 512]","[29, 256]"
224,29,True,relu7,1.4336000196635723e-06,0.0,59392.0,"[29, 256]","[29, 256]"
224,29,True,fc2,9.10400003194809e-06,1487700.0,144096.0,"[29, 256]","[29, 100]"
272,16,True,conv1,0.0002513887882232666,2784165888.0,52103552.0,"[16, 3, 272, 272]","[16, 32, 136, 136]"
272,16,True,relu1,9.123839735984802e-05,0.0,75759616.0,"[16, 32, 136, 136]","[16, 32, 136, 136]"
272,16,True,pool,8.058879971504212e-05,0.0,47349760.0,"[16, 32, 136, 136]","[16, 32, 68, 68]"
272,16,True,conv2,0.00043499522209167484,7575961600.0,28614656.0,"[16, 32, 68, 68]","[16, 64, 68, 68]"
272,16,True,relu2,4.648959934711456e-05,0.0,37879808.0,"[16, 64, 68, 68]","[16, 64, 68, 68]"
272,16,True,conv3,0.0002085887908935547,2727346176.0,28704768.0,"[16, 64, 68, 68]","[16, 128, 34, 34]"
272,16,True,relu3,2.385919988155365e-05,0.0,18939904.0,"[16, 128, 34, 34]","[16, 128, 34, 34]"
272,16,True,conv4,8.243200182914733e-05,1212153856.0,28540928.0,"[16, 128, 34, 34]","[16, 256, 34, 34]"
272,16,True,relu4,4.638719856739044e-05,0.0,37879808.0,"[16, 256, 34, 34]","[16, 256, 34, 34]"
272,16,True,conv5,0.00031588480472564696,5454692352.0,26034176.0,"[16, 256, 34, 34]","[16, 256, 17, 17]"
272,16,True,relu5,4.812800139188767e-06,0.0,9469952.0,"[16, 256, 17, 17]","[16, 256, 17, 17]"
272,16,True,conv6,7.75168001651764e-05,1212153856.0,14729216.0,"[16, 256, 17, 17]","[16, 512, 17, 17]"
272,16,True,relu6,2.3951999843120578e-05,0.0,18939904.0,"[16, 512, 17, 17]","[16, 512, 17, 17]"
272,16,True,avgpool,1.6281600296497348e-05,2367488.0,9502720.0,"[16, 512, 17, 17]","[16, 512, 1, 1]"
272,16,True,fc1,6.348799914121628e-06,4198400.0,574464.0,"[16, 512]","[16, 256]"
272,16,True,relu7,1.4336000196635723e-06,0.0,32768.0,"[16, 256]","[16, 256]"
272,16,True,fc2,3.3792000263929365e-06,820800.0,125584.0,"[16, 256]","[16, 100]"
352,256,True,conv1,0.007717161560058594,74604085248.0,1395673472.0,"[256, 3, 352, 352]","[256, 32, 176, 176]"
352,256,True,relu1,0.002400127983093262,0.0,2030043136.0,"[256, 32, 176, 176]","[256, 32, 176, 176]"
352,256,True,pool,0.00206243839263916,0.0,1268776960.0,"[256, 32, 176, 176]","[256, 32, 88, 88]"
352,256,True,conv2,0.01095393295288086,203004313600.0,761470976.0,"[256, 32, 88, 88]","[256, 64, 88, 88]"
352,256,True,relu2,0.0012006400108337402,0.0,1015021568.0,"[256, 64, 88, 88]","[256, 64, 88, 88]"
352,256,True,conv3,0.004148416137695313,73081552896.0,761561088.0,"[256, 64, 88, 88]","[256, 128, 44, 44]"
352,256,True,relu3,0.0006013728141784668,0.0,507510784.0,"[256, 128, 44, 44]","[256, 128, 44, 44]"
352,256,True,conv4,0.0021366783142089843,32480690176.0,761397248.0,"[256, 128, 44, 44]","[256, 256, 44, 44]"
352,256,True,relu4,0.0012010496139526366,0.0,1015021568.0,"[256, 256, 44, 44]","[256, 256, 44, 44]"
352,256,True,conv5,0.008108310699462891,146163105792.0,636747776.0,"[256, 256, 44, 44]","[256, 256, 22, 22]"
352,256,True,relu5,0.0003017600059509277,0.0,253755392.0,"[256, 256, 22, 22]","[256, 256, 22, 22]"
352,256,True,conv6,0.0018567167282104492,32480690176.0,381157376.0,"[256, 256, 22, 22]","[256, 512, 22, 22]"
352,256,True,relu6,0.000601475191116333,0.0,507510784.0,"[256, 512, 22, 22]","[256, 512, 22, 22]"
352,256,True,avgpool,0.0002910207986831665,63438848.0,254279680.0,"[256, 512, 22, 22]","[256, 512, 1, 1]"
352,256,True,fc1,1.4336000382900239e-05,67174400.0,1311744.0,"[256, 512]","[256, 256]"
352,256,True,relu7,1.5359999611973762e-06,0.0,524288.0,"[256, 256]","[256, 256]"
352,256,True,fc2,7.3600001633167265e-06,13132800.0,467344.0,"[256, 256]","[256, 100]"
128,16,False,conv1,6.031360030174255e-05,616562688.0,11553152.0,"[16, 3, 128, 128]","[16, 32, 64, 64]"
128,16,False,relu1,2.0473599433898926e-05,0.0,16777216.0,"[16, 32, 64, 64]","[16, 32, 64, 64]"
128,16,False,pool,1.9628800451755526e-05,0.0,10485760.0,"[16, 32, 64, 64]","[16, 32, 32, 32]"
128,16,False,conv2,0.00010822399854660033,1677721600.0,6496256.0,"[16, 32, 32, 32]","[16, 64, 32, 32]"
128,16,False,relu2,3.884800150990486e-06,0.0,8388608.0,"[16, 64, 32, 32]","[16, 64, 32, 32]"
128,16,False,conv3,5.9289598464965824e-05,603979776.0,6586368.0,"[16, 64, 32, 32]","[16, 128, 16, 16]"
128,16,False,relu3,2.457600086927414e-06,0.0,4194304.0,"[16, 128, 16, 16]","[16, 128, 16, 16]"
128,16,False,conv4,2.2835199534893034e-05,268435456.0,6422528.0,"[16, 128, 16, 16]","[16, 256, 16, 16]"
128,16,False,relu4,4.095999896526337e-06,0.0,8388608.0,"[16, 256, 16, 16]","[16, 256, 16, 16]"
128,16,False,conv5,0.00015544320344924926,1207959552.0,7602176.0,"[16, 256, 16, 16]","[16, 256, 8, 8]"
128,16,False,relu5,1.8432000651955603e-06,0.0,2097152.0,"[16, 256, 8, 8]","[16, 256, 8, 8]"
128,16,False,conv6,3.1436800956726076e-05,268435456.0,3670016.0,"[16, 256, 8, 8]","[16, 512, 8, 8]"
128,16,False,relu6,2.3552000522613525e-06,0.0,4194304.0,"[16, 512, 8, 8]","[16, 512, 8, 8]"
128,16,False,avgpool,4.812800139188767e-06,524288.0,2129920.0,"[16, 512, 8, 8]","[16, 512, 1, 1]"
128,16,False,fc1,5.83680011332035e-06,4198400.0,574464.0,"[16, 512]","[16, 256]"
128,16,False,relu7,1.331199984997511e-06,0.0,32768.0,"[16, 256]","[16, 256]"
128,16,False,fc2,3.0719999223947524e-06,820800.0,125584.0,"[16, 256]","[16, 100]"
272,64,True,conv1,0.0011684864044189454,11136663552.0,208357760.0,"[64, 3, 272, 272]","[64, 32, 136, 136]"
272,64,True,relu1,0.000359935998916626,0.0,303038464.0,"[64, 32, 136, 136]","[64, 32, 136, 136]"
272,64,True,pool,0.0003120928049087524,0.0,189399040.0,"[64, 32, 136, 136]","[64, 32, 68, 68]"
272,64,True,conv2,0.0016702463150024415,30303846400.0,113844224.0,"[64, 32, 68, 68]","[64, 64, 68, 68]"
272,64,True,relu2,0.00018094079494476319,0.0,151519232.0,"[64, 64, 68, 68]","[64, 64, 68, 68]"
272,64,True,conv3,0.0007759744167327881,10909384704.0,113934336.0,"[64, 64, 68, 68]","[64, 128, 34, 34]"
272,64,True,relu3,9.134079813957214e-05,0.0,75759616.0,"[64, 128, 34, 34]","[64, 128, 34, 34]"
272,64,True,conv4,0.00029716479778289795,4848615424.0,113770496.0,"[64, 128, 34, 34]","[64, 256, 34, 34]"
272,64,True,relu4,0.00018083839416503907,0.0,151519232.0,"[64, 256, 34, 34]","[64, 256, 34, 34]"
272,64,True,conv5,0.0013127391815185546,21818769408.0,97058816.0,"[64, 256, 34, 34]","[64, 256, 17, 17]"
272,64,True,relu5,4.659200012683869e-05,0.0,37879808.0,"[64, 256, 17, 17]","[64, 256, 17, 17]"
272,64,True,conv6,0.00028805119991302493,4848615424.0,57344000.0,"[64, 256, 17, 17]","[64, 512, 17, 17]"
272,64,True,relu6,9.123839735984802e-05,0.0,75759616.0,"[64, 512, 17, 17]","[64, 512, 17, 17]"
272,64,True,avgpool,5.364800095558166e-05,9469952.0,38010880.0,"[64, 512, 17, 17]","[64, 512, 1, 1]"
272,64,True,fc1,8.396799862384797e-06,16793600.0,721920.0,"[64, 512]","[64, 256]"
272,64,True,relu7,1.4336000196635723e-06,0.0,131072.0,"[64, 256]","[64, 256]"
272,64,True,fc2,9.31840017437935e-06,3283200.0,193936.0,"[64, 256]","[64, 100]"
256,128,False,conv1,0.0020330495834350584,19730006016.0,369117568.0,"[128, 3, 256, 256]","[128, 32, 128, 128]"
256,128,False,relu1,0.0006355967998504638,0.0,536870912.0,"[128, 32, 128, 128]","[128, 32, 128, 128]"
256,128,False,pool,0.0005701632022857666,0.0,335544320.0,"[128, 32, 128, 128]","[128, 32, 64, 64]"
256,128,False,conv2,0.0028812288284301756,53687091200.0,201531392.0,"[128, 32, 64, 64]","[128, 64, 64, 64]"
256,128,False,relu2,0.00031877119541168214,0.0,268435456.0,"[128, 64, 64, 64]","[128, 64, 64, 64]"
256,128,False,conv3,0.001105788803100586,19327352832.0,201621504.0,"[128, 64, 64, 64]","[128, 128, 32, 32]"
256,128,False,relu3,0.00016046080589294433,0.0,134217728.0,"[128, 128, 32, 32]","[128, 128, 32, 32]"
256,128,False,conv4,0.0004827136039733886,8589934592.0,201457664.0,"[128, 128, 32, 32]","[128, 256, 32, 32]"
256,128,False,relu4,0.00031918079853057865,0.0,268435456.0,"[128, 256, 32, 32]","[128, 256, 32, 32]"
256,128,False,conv5,0.0021922815322875976,38654705664.0,170131456.0,"[128, 256, 32, 32]","[128, 256, 16, 16]"
256,128,False,relu5,8.120319843292237e-05,0.0,67108864.0,"[128, 256, 16, 16]","[128, 256, 16, 16]"
256,128,False,conv6,0.0004484096050262451,8589934592.0,101187584.0,"[128, 256, 16, 16]","[128, 512, 16, 16]"
256,128,False,relu6,0.00016035840511322022,0.0,134217728.0,"[128, 512, 16, 16]","[128, 512, 16, 16]"
256,128,False,avgpool,7.905279994010926e-05,16777216.0,67371008.0,"[128, 512, 16, 16]","[128, 512, 1, 1]"
256,128,False,fc1,9.523200243711471e-06,33587200.0,918528.0,"[128, 512]","[128, 256]"
256,128,False,relu7,1.5359999611973762e-06,0.0,262144.0,"[128, 256]","[128, 256]"
256,128,False,fc2,6.758400052785873e-06,6566400.0,285072.0,"[128, 256]","[128, 100]"
384,128,False,conv1,0.0045949951171875,44392513536.0,830491008.0,"[128, 3, 384, 384]","[128, 32, 192, 192]"
384,128,False,relu1,0.001428275203704834,0.0,1207959552.0,"[128, 32, 192, 192]","[128, 32, 192, 192]"
384,128,False,pool,0.0012466976165771484,0.0,754974720.0,"[128, 32, 192, 192]","[128, 32, 96, 96]"
384,128,False,conv2,0.006514176177978516,120795955200.0,453189632.0,"[128, 32, 96, 96]","[128, 64, 96, 96]"
384,128,False,relu2,0.00071495361328125,0.0,603979776.0,"[128, 64, 96, 96]","[128, 64, 96, 96]"
384,128,False,conv3,0.002494259262084961,43486543872.0,453279744.0,"[128, 64, 96, 96]","[128, 128, 48, 48]"
384,128,False,relu3,0.0003584000110626221,0.0,301989888.0,"[128, 128, 48, 48]","[128, 128, 48, 48]"
384,128,False,conv4,0.0011842559814453125,19327352832.0,453115904.0,"[128, 128, 48, 48]","[128, 256, 48, 48]"
384,128,False,relu4,0.0007145472049713134,0.0,603979776.0,"[128, 256, 48, 48]","[128, 256, 48, 48]"
384,128,False,conv5,0.0048652286529541015,86973087744.0,379846656.0,"[128, 256, 48, 48]","[128, 256, 24, 24]"
384,128,False,relu5,0.0001802240014076233,0.0,150994944.0,"[128, 256, 24, 24]","[128, 256, 24, 24]"
384,128,False,conv6,0.001104793643951416,19327352832.0,227016704.0,"[128, 256, 24, 24]","[128, 512, 24, 24]"
384,128,False,relu6,0.0003585024118423462,0.0,301989888.0,"[128, 512, 24, 24]","[128, 512, 24, 24]"
384,128,False,avgpool,0.00017458879947662354,37748736.0,151257088.0,"[128, 512, 24, 24]","[128, 512, 1, 1]"
384,128,False,fc1,9.216000139713287e-06,33587200.0,918528.0,"[128, 512]","[128, 256]"
384,128,False,relu7,1.5359999611973762e-06,0.0,262144.0,"[128, 256]","[128, 256]"
384,128,False,fc2,6.553599983453751e-06,6566400.0,285072.0,"[128, 256]","[128, 100]"
32,2,False,conv1,7.968000322580337e-06,4816896.0,108928.0,"[2, 3, 32, 32]","[2, 32, 16, 16]"
32,2,False,relu1,1.324800029397011e-06,0.0,131072.0,"[2, 32, 16, 16]","[2, 32, 16, 16]"
32,2,False,pool,2.5599999353289604e-06,0.0,81920.0,"[2, 32, 16, 16]","[2, 32, 8, 8]"
32,2,False,conv2,1.6793599724769595e-05,13107200.0,253952.0,"[2, 32, 8, 8]","[2, 64, 8, 8]"
32,2,False,relu2,1.331199984997511e-06,0.0,65536.0,"[2, 64, 8, 8]","[2, 64, 8, 8]"
32,2,False,conv3,2.436479926109314e-05,4718592.0,344064.0,"[2, 64, 8, 8]","[2, 128, 4, 4]"
32,2,False,relu3,1.3055999763309954e-06,0.0,32768.0,"[2, 128, 4, 4]","[2, 128, 4, 4]"
32,2,False,conv4,6.860800087451935e-06,2097152.0,180224.0,"[2, 128, 4, 4]","[2, 256, 4, 4]"
32,2,False,relu4,1.331199984997511e-06,0.0,65536.0,"[2, 256, 4, 4]","[2, 256, 4, 4]"
32,2,False,conv5,8.91871988773346e-05,9437184.0,2400256.0,"[2, 256, 4, 4]","[2, 256, 2, 2]"
32,2,False,relu5,1.228800043463707e-06,0.0,16384.0,"[2, 256, 2, 2]","[2, 256, 2, 2]"
32,2,False,conv6,1.1264000087976456e-05,2097152.0,548864.0,"[2, 256, 2, 2]","[2, 512, 2, 2]"
32,2,False,relu6,1.228800043463707e-06,0.0,32768.0,"[2, 512, 2, 2]","[2, 512, 2, 2]"
32,2,False,avgpool,1.8432000651955603e-06,4096.0,20480.0,"[2, 512, 2, 2]","[2, 512, 1, 1]"
32,2,False,fc1,3.1679999083280564e-06,524800.0,531456.0,"[2, 512]","[2, 256]"
32,2,False,relu7,1.331199984997511e-06,0.0,4096.0,"[2, 256]","[2, 256]"
32,2,False,fc2,2.15039998292923e-06,102600.0,105648.0,"[2, 256]","[2, 100]"
352,2,True,conv1,5.774400234222412e-05,582844416.0,10922368.0,"[2, 3, 352, 352]","[2, 32, 176, 176]"
352,2,True,relu1,1.9046400487422942e-05,0.0,15859712.0,"[2, 32, 176, 176]","[2, 32, 176, 176]"
352,2,True,pool,1.8534399569034576e-05,0.0,9912320.0,"[2, 32, 176, 176]","[2, 32, 88, 88]"
352,2,True,conv2,0.00010465279817581177,1585971200.0,6152192.0,"[2, 32, 88, 88]","[2, 64, 88, 88]"
352,2,True,relu2,3.6800000816583632e-06,0.0,7929856.0,"[2, 64, 88, 88]","[2, 64, 88, 88]"
352,2,True,conv3,5.5193597078323366e-05,570949632.0,6242304.0,"[2, 64, 88, 88]","[2, 128, 44, 44]"
352,2,True,relu3,2.252800017595291e-06,0.0,3964928.0,"[2, 128, 44, 44]","[2, 128, 44, 44]"
352,2,True,conv4,2.938880026340485e-05,253755392.0,6078464.0,"[2, 128, 44, 44]","[2, 256, 44, 44]"
352,2,True,relu4,3.7888001650571825e-06,0.0,7929856.0,"[2, 256, 44, 44]","[2, 256, 44, 44]"
352,2,True,conv5,0.00014960639476776122,1141899264.0,7315456.0,"[2, 256, 44, 44]","[2, 256, 22, 22]"
352,2,True,relu5,1.8432000651955603e-06,0.0,1982464.0,"[2, 256, 22, 22]","[2, 256, 22, 22]"
352,2,True,conv6,3.112959861755371e-05,253755392.0,3497984.0,"[2, 256, 22, 22]","[2, 512, 22, 22]"
352,2,True,relu6,2.3552000522613525e-06,0.0,3964928.0,"[2, 512, 22, 22]","[2, 512, 22, 22]"
352,2,True,avgpool,2.969600073993206e-06,495616.0,1986560.0,"[2, 512, 22, 22]","[2, 512, 1, 1]"
352,2,True,fc1,3.174399957060814e-06,524800.0,531456.0,"[2, 512]","[2, 256]"
352,2,True,relu7,1.4303999952971936e-06,0.0,4096.0,"[2, 256]","[2, 256]"
352,2,True,fc2,2.252800017595291e-06,102600.0,105648.0,"[2, 256]","[2, 100]"
352,64,True,conv1,0.0019622911453247073,18651021312.0,348932480.0,"[64, 3, 352, 352]","[64, 32, 176, 176]"
352,64,True,relu1,0.000601087999343872,0.0,507510784.0,"[64, 32, 176, 176]","[64, 32, 176, 176]"
352,64,True,pool,0.0005231455802917481,0.0,317194240.0,"[64, 32, 176, 176]","[64, 32, 88, 88]"
352,64,True,conv2,0.002767359924316406,50751078400.0,190521344.0,"[64, 32, 88, 88]","[64, 64, 88, 88]"
352,64,True,relu2,0.0003012608051300049,0.0,253755392.0,"[64, 64, 88, 88]","[64, 64, 88, 88]"
352,64,True,conv3,0.001065670394897461,18270388224.0,190611456.0,"[64, 64, 88, 88]","[64, 128, 44, 44]"
352,64,True,relu3,0.0001516543984413147,0.0,126877696.0,"[64, 128, 44, 44]","[64, 128, 44, 44]"
352,64,True,conv4,0.0005044223785400391,8120172544.0,190447616.0,"[64, 128, 44, 44]","[64, 256, 44, 44]"
352,64,True,relu4,0.000301363205909729,0.0,253755392.0,"[64, 256, 44, 44]","[64, 256, 44, 44]"
352,64,True,conv5,0.0020684736251831053,36540776448.0,160956416.0,"[64, 256, 44, 44]","[64, 256, 22, 22]"
352,64,True,relu5,7.66975998878479e-05,0.0,63438848.0,"[64, 256, 22, 22]","[64, 256, 22, 22]"
352,64,True,conv6,0.0004424704074859619,8120172544.0,95682560.0,"[64, 256, 22, 22]","[64, 512, 22, 22]"
352,64,True,relu6,0.0001516543984413147,0.0,126877696.0,"[64, 512, 22, 22]","[64, 512, 22, 22]"
352,64,True,avgpool,7.557119727134704e-05,15859712.0,63569920.0,"[64, 512, 22, 22]","[64, 512, 1, 1]"
352,64,True,fc1,8.70399996638298e-06,16793600.0,721920.0,"[64, 512]","[64, 256]"
352,64,True,relu7,1.5359999611973762e-06,0.0,131072.0,"[64, 256]","[64, 256]"
352,64,True,fc2,9.625600278377534e-06,3283200.0,193936.0,"[64, 256]","[64, 100]"
384,179,True,conv1,0.006420275115966797,62080155648.0,1161382272.0,"[179, 3, 384, 384]","[179, 32, 192, 192]"
384,179,True,relu1,0.0019971071243286135,0.0,1689255936.0,"[179, 32, 192, 192]","[179, 32, 192, 192]"
384,179,True,pool,0.001737215995788574,0.0,1055784960.0,"[179, 32, 192, 192]","[179, 32, 96, 96]"
384,179,True,conv2,0.009156192016601563,168925593600.0,633675776.0,"[179, 32, 96, 96]","[179, 64, 96, 96]"
384,179,True,relu2,0.0009984000205993653,0.0,844627968.0,"[179, 64, 96, 96]","[179, 64, 96, 96]"
384,179,True,conv3,0.0034847679138183597,60813213696.0,633765888.0,"[179, 64, 96, 96]","[179, 128, 48, 48]"
384,179,True,relu3,0.00050032639503479,0.0,422313984.0,"[179, 128, 48, 48]","[179, 128, 48, 48]"
384,179,True,conv4,0.0017743871688842773,27028094976.0,633602048.0,"[179, 128, 48, 48]","[179, 256, 48, 48]"
384,179,True,relu4,0.0009988096237182617,0.0,844627968.0,"[179, 256, 48, 48]","[179, 256, 48, 48]"
384,179,True,conv5,0.0067636062622070305,121626427392.0,530251776.0,"[179, 256, 48, 48]","[179, 256, 24, 24]"
384,179,True,relu5,0.0002512896060943604,0.0,211156992.0,"[179, 256, 24, 24]","[179, 256, 24, 24]"
384,179,True,conv6,0.001598259162902832,27028094976.0,317259776.0,"[179, 256, 24, 24]","[179, 512, 24, 24]"
384,179,True,relu6,0.0005004288196563721,0.0,422313984.0,"[179, 512, 24, 24]","[179, 512, 24, 24]"
384,179,True,avgpool,0.00024238080978393554,52789248.0,211523584.0,"[179, 512, 24, 24]","[179, 512, 1, 1]"
384,179,True,fc1,1.0751999914646148e-05,46969600.0,1075200.0,"[179, 512]","[179, 256]"
384,179,True,relu7,1.6383999958634378e-06,0.0,366592.0,"[179, 256]","[179, 256]"
384,179,True,fc2,7.065600156784058e-06,9182700.0,357696.0,"[179, 256]","[179, 100]"
512,8,False,conv1,0.00044615678787231444,4932501504.0,92293504.0,"[8, 3, 512, 512]","[8, 32, 256, 256]"
512,8,False,relu1,0.00016035840511322022,0.0,134217728.0,"[8, 32, 256, 256]","[8, 32, 256, 256]"
512,8,False,pool,0.0001419263958930969,0.0,83886080.0,"[8, 32, 256, 256]","[8, 32, 128, 128]"
512,8,False,conv2,0.0007524352073669434,13421772800.0,50536448.0,"[8, 32, 128, 128]","[8, 64, 128, 128]"
512,8,False,relu2,8.110079765319825e-05,0.0,67108864.0,"[8, 64, 128, 128]","[8, 64, 128, 128]"
512,8,False,conv3,0.0002942847967147827,4831838208.0,50626560.0,"[8, 64, 128, 128]","[8, 128, 64, 64]"
512,8,False,relu3,4.116480052471161e-05,0.0,33554432.0,"[8, 128, 64, 64]","[8, 128, 64, 64]"
512,8,False,conv4,0.0001435647964477539,2147483648.0,50462720.0,"[8, 128, 64, 64]","[8, 256, 64, 64]"
512,8,False,relu4,8.108479976654054e-05,0.0,67108864.0,"[8, 256, 64, 64]","[8, 256, 64, 64]"
512,8,False,conv5,0.0006564864158630371,9663676416.0,44302336.0,"[8, 256, 64, 64]","[8, 256, 32, 32]"
512,8,False,relu5,2.0582400262355805e-05,0.0,16777216.0,"[8, 256, 32, 32]","[8, 256, 32, 32]"
512,8,False,conv6,0.00013905919790267943,2147483648.0,25690112.0,"[8, 256, 32, 32]","[8, 512, 32, 32]"
512,8,False,relu6,4.126720130443573e-05,0.0,33554432.0,"[8, 512, 32, 32]","[8, 512, 32, 32]"
512,8,False,avgpool,2.314240038394928e-05,4194304.0,16793600.0,"[8, 512, 32, 32]","[8, 512, 1, 1]"
512,8,False,fc1,5.222399905323982e-06,2099200.0,549888.0,"[8, 512]","[8, 256]"
512,8,False,relu7,1.4336000196635723e-06,0.0,16384.0,"[8, 256]","[8, 256]"
512,8,False,fc2,3.2735999673604967e-06,410400.0,114192.0,"[8, 256]","[8, 100]"
64,4,False,conv1,9.113600105047226e-06,38535168.0,739712.0,"[4, 3, 64, 64]","[4, 32, 32, 32]"
64,4,False,relu1,1.5359999611973762e-06,0.0,1048576.0,"[4, 32, 32, 32]","[4, 32, 32, 32]"
64,4,False,pool,2.864000014960766e-06,0.0,655360.0,"[4, 32, 32, 32]","[4, 32, 16, 16]"
64,4,False,conv2,4.362240135669708e-05,104857600.0,598016.0,"[4, 32, 16, 16]","[4, 64, 16, 16]"
64,4,False,relu2,1.408000010997057e-06,0.0,524288.0,"[4, 64, 16, 16]","[4, 64, 16, 16]"
64,4,False,conv3,2.4166400730609895e-05,37748736.0,688128.0,"[4, 64, 16, 16]","[4, 128, 8, 8]"
64,4,False,relu3,1.331199984997511e-06,0.0,262144.0,"[4, 128, 8, 8]","[4, 128, 8, 8]"
64,4,False,conv4,1.59743994474411e-05,16777216.0,524288.0,"[4, 128, 8, 8]","[4, 256, 8, 8]"
64,4,False,relu4,1.331199984997511e-06,0.0,524288.0,"[4, 256, 8, 8]","[4, 256, 8, 8]"
64,4,False,conv5,8.960000276565553e-05,75497472.0,2686976.0,"[4, 256, 8, 8]","[4, 256, 4, 4]"
64,4,False,relu5,1.228800043463707e-06,0.0,131072.0,"[4, 256, 4, 4]","[4, 256, 4, 4]"
64,4,False,conv6,2.539519965648651e-05,16777216.0,720896.0,"[4, 256, 4, 4]","[4, 512, 4, 4]"
64,4,False,relu6,1.228800043463707e-06,0.0,262144.0,"[4, 512, 4, 4]","[4, 512, 4, 4]"
64,4,False,avgpool,2.0479999482631684e-06,32768.0,139264.0,"[4, 512, 4, 4]","[4, 512, 1, 1]"
64,4,False,fc1,3.4719999879598616e-06,1049600.0,537600.0,"[4, 512]","[4, 256]"
64,4,False,relu7,1.228800043463707e-06,0.0,8192.0,"[4, 256]","[4, 256]"
64,4,False,fc2,2.3552000522613525e-06,205200.0,108496.0,"[4, 256]","[4, 100]"
352,1,True,conv1,3.112959861755371e-05,291422208.0,5470592.0,"[1, 3, 352, 352]","[1, 32, 176, 176]"
352,1,True,relu1,3.6864001303911207e-06,0.0,7929856.0,"[1, 32, 176, 176]","[1, 32, 176, 176]"
352,1,True,pool,8.806400001049041e-06,0.0,4956160.0,"[1, 32, 176, 176]","[1, 32, 88, 88]"
352,1,True,conv2,7.71071970462799e-05,792985600.0,3178496.0,"[1, 32, 88, 88]","[1, 64, 88, 88]"
352,1,True,relu2,2.252800017595291e-06,0.0,3964928.0,"[1, 64, 88, 88]","[1, 64, 88, 88]"
352,1,True,conv3,6.922240257263184e-05,285474816.0,3268608.0,"[1, 64, 88, 88]","[1, 128, 44, 44]"
352,1,True,relu3,1.8079999834299087e-06,0.0,1982464.0,"[1, 128, 44, 44]","[1, 128, 44, 44]"
352,1,True,conv4,1.669120043516159e-05,126877696.0,3104768.0,"[1, 128, 44, 44]","[1, 256, 44, 44]"
352,1,True,relu4,2.3552000522613525e-06,0.0,3964928.0,"[1, 256, 44, 44]","[1, 256, 44, 44]"
352,1,True,conv5,9.697279930114745e-05,570949632.0,4837376.0,"[1, 256, 44, 44]","[1, 256, 22, 22]"
352,1,True,relu5,1.5359999611973762e-06,0.0,991232.0,"[1, 256, 22, 22]","[1, 256, 22, 22]"
352,1,True,conv6,1.802240014076233e-05,126877696.0,2011136.0,"[1, 256, 22, 22]","[1, 512, 22, 22]"
352,1,True,relu6,1.945599913597107e-06,0.0,1982464.0,"[1, 512, 22, 22]","[1, 512, 22, 22]"
352,1,True,avgpool,2.764800004661083e-06,247808.0,993280.0,"[1, 512, 22, 22]","[1, 512, 1, 1]"
352,1,True,fc1,3.3792000263929365e-06,262400.0,528384.0,"[1, 512]","[1, 256]"
352,1,True,relu7,1.331199984997511e-06,0.0,2048.0,"[1, 256]","[1, 256]"
352,1,True,fc2,2.764800004661083e-06,51300.0,104224.0,"[1, 256]","[1, 100]"
272,256,True,conv1,0.004617203140258789,44546654208.0,833374592.0,"[256, 3, 272, 272]","[256, 32, 136, 136]"
272,256,True,relu1,0.0014332703590393067,0.0,1212153856.0,"[256, 32, 136, 136]","[256, 32, 136, 136]"
272,256,True,pool,0.0012323840141296386,0.0,757596160.0,"[256, 32, 136, 136]","[256, 32, 68, 68]"
272,256,True,conv2,0.006559129333496094,121215385600.0,454762496.0,"[256, 32, 68, 68]","[256, 64, 68, 68]"
272,256,True,relu2,0.0007171072006225585,0.0,606076928.0,"[256, 64, 68, 68]","[256, 64, 68, 68]"
272,256,True,conv3,0.0025247743606567384,43637538816.0,454852608.0,"[256, 64, 68, 68]","[256, 128, 34, 34]"
272,256,True,relu3,0.0003596287965774536,0.0,303038464.0,"[256, 128, 34, 34]","[256, 128, 34, 34]"
272,256,True,conv4,0.0013517824172973633,19394461696.0,454688768.0,"[256, 128, 34, 34]","[256, 256, 34, 34]"
272,256,True,relu4,0.0007176191806793213,0.0,606076928.0,"[256, 256, 34, 34]","[256, 256, 34, 34]"
272,256,True,conv5,0.0049186817169189455,87275077632.0,381157376.0,"[256, 256, 34, 34]","[256, 256, 17, 17]"
272,256,True,relu5,0.00018083839416503907,0.0,151519232.0,"[256, 256, 17, 17]","[256, 256, 17, 17]"
272,256,True,conv6,0.0011355135917663574,19394461696.0,227803136.0,"[256, 256, 17, 17]","[256, 512, 17, 17]"
272,256,True,relu6,0.0003596287965774536,0.0,303038464.0,"[256, 512, 17, 17]","[256, 512, 17, 17]"
272,256,True,avgpool,0.00018872319459915161,37879808.0,152043520.0,"[256, 512, 17, 17]","[256, 512, 1, 1]"
272,256,True,fc1,1.4847999811172486e-05,67174400.0,1311744.0,"[256, 512]","[256, 256]"
272,256,True,relu7,1.6256000846624374e-06,0.0,524288.0,"[256, 256]","[256, 256]"
272,256,True,fc2,7.868800312280656e-06,13132800.0,467344.0,"[256, 256]","[256, 100]"
128,56,True,conv1,0.00019496320486068726,2157969408.0,40388992.0,"[56, 3, 128, 128]","[56, 32, 64, 64]"
128,56,True,relu1,7.106559872627258e-05,0.0,58720256.0,"[56, 32, 64, 64]","[56, 32, 64, 64]"
128,56,True,pool,6.297600269317628e-05,0.0,36700160.0,"[56, 32, 64, 64]","[56, 32, 32, 32]"
128,56,True,conv2,0.00034150400161743163,5872025600.0,22224896.0,"[56, 32, 32, 32]","[56, 64, 32, 32]"
128,56,True,relu2,3.6351999640464784e-05,0.0,29360128.0,"[56, 64, 32, 32]","[56, 64, 32, 32]"
128,56,True,conv3,0.00012848639488220214,2113929216.0,22315008.0,"[56, 64, 32, 32]","[56, 128, 16, 16]"
128,56,True,relu3,1.720319986343384e-05,0.0,14680064.0,"[56, 128, 16, 16]","[56, 128, 16, 16]"
128,56,True,conv4,6.164479851722718e-05,939524096.0,22151168.0,"[56, 128, 16, 16]","[56, 256, 16, 16]"
128,56,True,relu4,3.6351999640464784e-05,0.0,29360128.0,"[56, 256, 16, 16]","[56, 256, 16, 16]"
128,56,True,conv5,0.0003149791955947876,4227858432.0,20709376.0,"[56, 256, 16, 16]","[56, 256, 8, 8]"
128,56,True,relu5,3.7792000919580457e-06,0.0,7340032.0,"[56, 256, 8, 8]","[56, 256, 8, 8]"
128,56,True,conv6,8.878080248832702e-05,939524096.0,11534336.0,"[56, 256, 8, 8]","[56, 512, 8, 8]"
128,56,True,relu6,1.7273600399494172e-05,0.0,14680064.0,"[56, 512, 8, 8]","[56, 512, 8, 8]"
128,56,True,avgpool,1.4028799533843993e-05,1835008.0,7454720.0,"[56, 512, 8, 8]","[56, 512, 1, 1]"
128,56,True,fc1,7.884799689054489e-06,14694400.0,697344.0,"[56, 512]","[56, 256]"
128,56,True,relu7,1.331199984997511e-06,0.0,114688.0,"[56, 256]","[56, 256]"
128,56,True,fc2,8.70399996638298e-06,2872800.0,182544.0,"[56, 256]","[56, 100]"
400,16,True,conv1,0.0006017024040222168,6021120000.0,112658816.0,"[16, 3, 400, 400]","[16, 32, 200, 200]"
400,16,True,relu1,0.00019527679681777954,0.0,163840000.0,"[16, 32, 200, 200]","[16, 32, 200, 200]"
400,16,True,pool,0.00016936960220336915,0.0,102400000.0,"[16, 32, 200, 200]","[16, 32, 100, 100]"
400,16,True,conv2,0.0009213952064514161,16384000000.0,61644800.0,"[16, 32, 100, 100]","[16, 64, 100, 100]"
400,16,True,relu2,9.850239753723145e-05,0.0,81920000.0,"[16, 64, 100, 100]","[16, 64, 100, 100]"
400,16,True,conv3,0.00039339520931243896,5898240000.0,61734912.0,"[16, 64, 100, 100]","[16, 128, 50, 50]"
400,16,True,relu3,5.017600059509278e-05,0.0,40960000.0,"[16, 128, 50, 50]","[16, 128, 50, 50]"
400,16,True,conv4,0.00016895999908447264,2621440000.0,61571072.0,"[16, 128, 50, 50]","[16, 256, 50, 50]"
400,16,True,relu4,9.84063982963562e-05,0.0,81920000.0,"[16, 256, 50, 50]","[16, 256, 50, 50]"
400,16,True,conv5,0.0007062528133392334,11796480000.0,53559296.0,"[16, 256, 50, 50]","[16, 256, 25, 25]"
400,16,True,relu5,2.5891199707984924e-05,0.0,20480000.0,"[16, 256, 25, 25]","[16, 256, 25, 25]"
400,16,True,conv6,0.0001505280017852783,2621440000.0,31244288.0,"[16, 256, 25, 25]","[16, 512, 25, 25]"
400,16,True,relu6,5.0051200389862065e-05,0.0,40960000.0,"[16, 512, 25, 25]","[16, 512, 25, 25]"
400,16,True,avgpool,2.775039970874786e-05,5120000.0,20512768.0,"[16, 512, 25, 25]","[16, 512, 1, 1]"
400,16,True,fc1,6.656000018119811e-06,4198400.0,574464.0,"[16, 512]","[16, 256]"
400,16,True,relu7,1.5359999611973762e-06,0.0,32768.0,"[16, 256]","[16, 256]"
400,16,True,fc2,3.580800071358681e-06,820800.0,125584.0,"[16, 256]","[16, 100]"
80,64,True,conv1,9.19264018535614e-05,963379200.0,18041216.0,"[64, 3, 80, 80]","[64, 32, 40, 40]"
80,64,True,relu1,3.2332798838615416e-05,0.0,26214400.0,"[64, 32, 40, 40]","[64, 32, 40, 40]"
80,64,True,pool,2.959359884262085e-05,0.0,16384000.0,"[64, 32, 40, 40]","[64, 32, 20, 20]"
80,64,True,conv2,0.00017326079607009887,2621440000.0,10035200.0,"[64, 32, 20, 20]","[64, 64, 20, 20]"
80,64,True,relu2,1.157120019197464e-05,0.0,13107200.0,"[64, 64, 20, 20]","[64, 64, 20, 20]"
80,64,True,conv3,8.59008014202118e-05,943718400.0,10125312.0,"[64, 64, 20, 20]","[64, 128, 10, 10]"
80,64,True,relu3,3.3792000263929365e-06,0.0,6553600.0,"[64, 128, 10, 10]","[64, 128, 10, 10]"
80,64,True,conv4,3.307519853115082e-05,419430400.0,9961472.0,"[64, 128, 10, 10]","[64, 256, 10, 10]"
80,64,True,relu4,1.165120005607605e-05,0.0,13107200.0,"[64, 256, 10, 10]","[64, 256, 10, 10]"
80,64,True,conv5,0.00022546560764312744,1887436800.0,10551296.0,"[64, 256, 10, 10]","[64, 256, 5, 5]"
80,64,True,relu5,2.252800017595291e-06,0.0,3276800.0,"[64, 256, 5, 5]","[64, 256, 5, 5]"
80,64,True,conv6,3.676159977912903e-05,419430400.0,5439488.0,"[64, 256, 5, 5]","[64, 512, 5, 5]"
80,64,True,relu6,3.174399957060814e-06,0.0,6553600.0,"[64, 512, 5, 5]","[64, 512, 5, 5]"
80,64,True,avgpool,7.353600114583969e-06,819200.0,3407872.0,"[64, 512, 5, 5]","[64, 512, 1, 1]"
80,64,True,fc1,7.2704002261161795e-06,16793600.0,721920.0,"[64, 512]","[64, 256]"
80,64,True,relu7,1.331199984997511e-06,0.0,131072.0,"[64, 256]","[64, 256]"
80,64,True,fc2,8.287999778985978e-06,3283200.0,193936.0,"[64, 256]","[64, 100]"
256,2,False,conv1,3.317759931087494e-05,308281344.0,5785984.0,"[2, 3, 256, 256]","[2, 32, 128, 128]"
256,2,False,relu1,3.7888001650571825e-06,0.0,8388608.0,"[2, 32, 128, 128]","[2, 32, 128, 128]"
256,2,False,pool,9.830400347709656e-06,0.0,5242880.0,"[2, 32, 128, 128]","[2, 32, 64, 64]"
256,2,False,conv2,7.423999905586243e-05,838860800.0,3350528.0,"[2, 32, 64, 64]","[2, 64, 64, 64]"
256,2,False,relu2,2.3296000435948373e-06,0.0,4194304.0,"[2, 64, 64, 64]","[2, 64, 64, 64]"
256,2,False,conv3,3.901439905166626e-05,301989888.0,3440640.0,"[2, 64, 64, 64]","[2, 128, 32, 32]"
256,2,False,relu3,1.8208000808954238e-06,0.0,2097152.0,"[2, 128, 32, 32]","[2, 128, 32, 32]"
256,2,False,conv4,1.9251200556755068e-05,134217728.0,3276800.0,"[2, 128, 32, 32]","[2, 256, 32, 32]"
256,2,False,relu4,2.252800017595291e-06,0.0,4194304.0,"[2, 256, 32, 32]","[2, 256, 32, 32]"
256,2,False,conv5,9.185280203819275e-05,603979776.0,4980736.0,"[2, 256, 32, 32]","[2, 256, 16, 16]"
256,2,False,relu5,1.5359999611973762e-06,0.0,1048576.0,"[2, 256, 16, 16]","[2, 256, 16, 16]"
256,2,False,conv6,1.7075200378894807e-05,134217728.0,2097152.0,"[2, 256, 16, 16]","[2, 512, 16, 16]"
256,2,False,relu6,1.9328000023961066e-06,0.0,2097152.0,"[2, 512, 16, 16]","[2, 512, 16, 16]"
256,2,False,avgpool,2.457600086927414e-06,262144.0,1052672.0,"[2, 512, 16, 16]","[2, 512, 1, 1]"
256,2,False,fc1,3.1647998839616774e-06,524800.0,531456.0,"[2, 512]","[2, 256]"
256,2,False,relu7,1.331199984997511e-06,0.0,4096.0,"[2, 256]","[2, 256]"
256,2,False,fc2,2.2336000576615334e-06,102600.0,105648.0,"[2, 256]","[2, 100]"
224,128,False,conv1,0.0016087039947509766,15105785856.0,282610048.0,"[128, 3, 224, 224]","[128, 32, 112, 112]"
224,128,False,relu1,0.00048752641677856447,0.0,411041792.0,"[128, 32, 112, 112]","[128, 32, 112, 112]"
224,128,False,pool,0.0004239359855651856,0.0,256901120.0,"[128, 32, 112, 112]","[128, 32, 56, 56]"
224,128,False,conv2,0.002264963150024414,41104179200.0,154345472.0,"[128, 32, 56, 56]","[128, 64, 56, 56]"
224,128,False,relu2,0.00024453120231628415,0.0,205520896.0,"[128, 64, 56, 56]","[128, 64, 56, 56]"
224,128,False,conv3,0.0010411935806274415,14797504512.0,154435584.0,"[128, 64, 56, 56]","[128, 128, 28, 28]"
224,128,False,relu3,0.00012339199781417846,0.0,102760448.0,"[128, 128, 28, 28]","[128, 128, 28, 28]"
224,128,False,conv4,0.00039075839519500736,6576668672.0,154271744.0,"[128, 128, 28, 28]","[128, 256, 28, 28]"
224,128,False,relu4,0.000244815993309021,0.0,205520896.0,"[128, 256, 28, 28]","[128, 256, 28, 28]"
224,128,False,conv5,0.0017137664794921875,29595009024.0,130809856.0,"[128, 256, 28, 28]","[128, 256, 14, 14]"
224,128,False,relu5,6.246399879455566e-05,0.0,51380224.0,"[128, 256, 14, 14]","[128, 256, 14, 14]"
224,128,False,conv6,0.00035450880527496337,6576668672.0,77594624.0,"[128, 256, 14, 14]","[128, 512, 14, 14]"
224,128,False,relu6,0.00012318719625473024,0.0,102760448.0,"[128, 512, 14, 14]","[128, 512, 14, 14]"
224,128,False,avgpool,6.318079829216002e-05,12845056.0,51642368.0,"[128, 512, 14, 14]","[128, 512, 1, 1]"
224,128,False,fc1,9.830400347709656e-06,33587200.0,918528.0,"[128, 512]","[128, 256]"
224,128,False,relu7,1.5359999611973762e-06,0.0,262144.0,"[128, 256]","[128, 256]"
224,128,False,fc2,7.062400132417679e-06,6566400.0,285072.0,"[128, 256]","[128, 100]"
384,2,False,conv1,6.809599995613098e-05,693633024.0,12994944.0,"[2, 3, 384, 384]","[2, 32, 192, 192]"
384,2,False,relu1,2.3756800591945647e-05,0.0,18874368.0,"[2, 32, 192, 192]","[2, 32, 192, 192]"
384,2,False,pool,2.1913599967956543e-05,0.0,11796480.0,"[2, 32, 192, 192]","[2, 32, 96, 96]"
384,2,False,conv2,0.00010649600028991698,1887436800.0,7282688.0,"[2, 32, 96, 96]","[2, 64, 96, 96]"
384,2,False,relu2,4.198399931192399e-06,0.0,9437184.0,"[2, 64, 96, 96]","[2, 64, 96, 96]"
384,2,False,conv3,5.744640231132507e-05,679477248.0,7372800.0,"[2, 64, 96, 96]","[2, 128, 48, 48]"
384,2,False,relu3,2.5599999353289604e-06,0.0,4718592.0,"[2, 128, 48, 48]","[2, 128, 48, 48]"
384,2,False,conv4,3.4713599085807795e-05,301989888.0,7208960.0,"[2, 128, 48, 48]","[2, 256, 48, 48]"
384,2,False,relu4,4.4991999864578245e-06,0.0,9437184.0,"[2, 256, 48, 48]","[2, 256, 48, 48]"
384,2,False,conv5,0.00015615999698638915,1358954496.0,8257536.0,"[2, 256, 48, 48]","[2, 256, 24, 24]"
384,2,False,relu5,1.945599913597107e-06,0.0,2359296.0,"[2, 256, 24, 24]","[2, 256, 24, 24]"
384,2,False,conv6,3.1436800956726076e-05,301989888.0,4063232.0,"[2, 256, 24, 24]","[2, 512, 24, 24]"
384,2,False,relu6,2.5599999353289604e-06,0.0,4718592.0,"[2, 512, 24, 24]","[2, 512, 24, 24]"
384,2,False,avgpool,3.174399957060814e-06,589824.0,2363392.0,"[2, 512, 24, 24]","[2, 512, 1, 1]"
384,2,False,fc1,3.2767999917268756e-06,524800.0,531456.0,"[2, 512]","[2, 256]"
384,2,False,relu7,1.4336000196635723e-06,0.0,4096.0,"[2, 256]","[2, 256]"
384,2,False,fc2,2.252800017595291e-06,102600.0,105648.0,"[2, 256]","[2, 100]"
64,256,False,conv1,0.00022067201137542726,2466250752.0,46156160.0,"[256, 3, 64, 64]","[256, 32, 32, 32]"
64,256,False,relu1,8.079360127449036e-05,0.0,67108864.0,"[256, 32, 32, 32]","[256, 32, 32, 32]"
64,256,False,pool,7.198719978332519e-05,0.0,41943040.0,"[256, 32, 32, 32]","[256, 32, 16, 16]"
64,256,False,conv2,0.0004167359828948974,6710886400.0,25370624.0,"[256, 32, 16, 16]","[256, 64, 16, 16]"
64,256,False,relu2,4.126720130443573e-05,0.0,33554432.0,"[256, 64, 16, 16]","[256, 64, 16, 16]"
64,256,False,conv3,0.00018186240196228028,2415919104.0,25460736.0,"[256, 64, 16, 16]","[256, 128, 8, 8]"
64,256,False,relu3,2.0479999482631683e-05,0.0,16777216.0,"[256, 128, 8, 8]","[256, 128, 8, 8]"
64,256,False,conv4,7.823359966278076e-05,1073741824.0,25296896.0,"[256, 128, 8, 8]","[256, 256, 8, 8]"
64,256,False,relu4,4.116480052471161e-05,0.0,33554432.0,"[256, 256, 8, 8]","[256, 256, 8, 8]"
64,256,False,conv5,0.0003122175931930542,4831838208.0,23330816.0,"[256, 256, 8, 8]","[256, 256, 4, 4]"
64,256,False,relu5,4.4032000005245205e-06,0.0,8388608.0,"[256, 256, 4, 4]","[256, 256, 4, 4]"
64,256,False,conv6,7.690240144729614e-05,1073741824.0,13107200.0,"[256, 256, 4, 4]","[256, 512, 4, 4]"
64,256,False,relu6,2.0479999482631683e-05,0.0,16777216.0,"[256, 512, 4, 4]","[256, 512, 4, 4]"
64,256,False,avgpool,2.6214399933815005e-05,2097152.0,8912896.0,"[256, 512, 4, 4]","[256, 512, 1, 1]"
64,256,False,fc1,1.4419199526309966e-05,67174400.0,1311744.0,"[256, 512]","[256, 256]"
64,256,False,relu7,1.5359999611973762e-06,0.0,524288.0,"[256, 256]","[256, 256]"
64,256,False,fc2,7.465600222349167e-06,13132800.0,467344.0,"[256, 256]","[256, 100]"
128,1,False,conv1,9.212800115346908e-06,38535168.0,739712.0,"[1, 3, 128, 128]","[1, 32, 64, 64]"
128,1,False,relu1,1.6383999958634378e-06,0.0,1048576.0,"[1, 32, 64, 64]","[1, 32, 64, 64]"
128,1,False,pool,2.8672000393271445e-06,0.0,655360.0,"[1, 32, 64, 64]","[1, 32, 32, 32]"
128,1,False,conv2,3.297280073165893e-05,104857600.0,598016.0,"[1, 32, 32, 32]","[1, 64, 32, 32]"
128,1,False,relu2,1.331199984997511e-06,0.0,524288.0,"[1, 64, 32, 32]","[1, 64, 32, 32]"
128,1,False,conv3,2.385919988155365e-05,37748736.0,688128.0,"[1, 64, 32, 32]","[1, 128, 16, 16]"
128,1,False,relu3,1.331199984997511e-06,0.0,262144.0,"[1, 128, 16, 16]","[1, 128, 16, 16]"
128,1,False,conv4,7.372800260782241e-06,16777216.0,524288.0,"[1, 128, 16, 16]","[1, 256, 16, 16]"
128,1,False,relu4,1.331199984997511e-06,0.0,524288.0,"[1, 256, 16, 16]","[1, 256, 16, 16]"
128,1,False,conv5,8.939520120620727e-05,75497472.0,2686976.0,"[1, 256, 16, 16]","[1, 256, 8, 8]"
128,1,False,relu5,1.324800029397011e-06,0.0,131072.0,"[1, 256, 8, 8]","[1, 256, 8, 8]"
128,1,False,conv6,1.125119999051094e-05,16777216.0,720896.0,"[1, 256, 8, 8]","[1, 512, 8, 8]"
128,1,False,relu6,1.331199984997511e-06,0.0,262144.0,"[1, 512, 8, 8]","[1, 512, 8, 8]"
128,1,False,avgpool,2.0479999482631684e-06,32768.0,133120.0,"[1, 512, 8, 8]","[1, 512, 1, 1]"
128,1,False,fc1,3.2767999917268756e-06,262400.0,528384.0,"[1, 512]","[1, 256]"
128,1,False,relu7,1.327999960631132e-06,0.0,2048.0,"[1, 256]","[1, 256]"
128,1,False,fc2,2.662399969995022e-06,51300.0,104224.0,"[1, 256]","[1, 100]"
384,256,False,conv1,0.009182905578613282,88785027072.0,1660963200.0,"[256, 3, 384, 384]","[256, 32, 192, 192]"
384,256,False,relu1,0.002856243133544922,0.0,2415919104.0,"[256, 32, 192, 192]","[256, 32, 192, 192]"
384,256,False,pool,0.0024786943435668946,0.0,1509949440.0,"[256, 32, 192, 192]","[256, 32, 96, 96]"
384,256,False,conv2,0.013101464843749999,241591910400.0,906174464.0,"[256, 32, 96, 96]","[256, 64, 96, 96]"
384,256,False,relu2,0.0014272512435913086,0.0,1207959552.0,"[256, 64, 96, 96]","[256, 64, 96, 96]"
384,256,False,conv3,0.004975001525878906,86973087744.0,906264576.0,"[256, 64, 96, 96]","[256, 128, 48, 48]"
384,256,False,relu3,0.0007147520065307617,0.0,603979776.0,"[256, 128, 48, 48]","[256, 128, 48, 48]"
384,256,False,conv4,0.002616009521484375,38654705664.0,906100736.0,"[256, 128, 48, 48]","[256, 256, 48, 48]"
384,256,False,relu4,0.0014290944099426268,0.0,1207959552.0,"[256, 256, 48, 48]","[256, 256, 48, 48]"
384,256,False,conv5,0.009714585876464845,173946175488.0,757334016.0,"[256, 256, 48, 48]","[256, 256, 24, 24]"
384,256,False,relu5,0.0003584000110626221,0.0,301989888.0,"[256, 256, 24, 24]","[256, 256, 24, 24]"
384,256,False,conv6,0.00216176643371582,38654705664.0,453509120.0,"[256, 256, 24, 24]","[256, 512, 24, 24]"
384,256,False,relu6,0.0007147520065307617,0.0,603979776.0,"[256, 512, 24, 24]","[256, 512, 24, 24]"
384,256,False,avgpool,0.00034498560428619386,75497472.0,302514176.0,"[256, 512, 24, 24]","[256, 512, 1, 1]"
384,256,False,fc1,1.3926400244235993e-05,67174400.0,1311744.0,"[256, 512]","[256, 256]"
384,256,False,relu7,1.4336000196635723e-06,0.0,524288.0,"[256, 256]","[256, 256]"
384,256,False,fc2,7.2704002261161795e-06,13132800.0,467344.0,"[256, 256]","[256, 100]"
64,8,False,conv1,1.2281599640846251e-05,77070336.0,1460608.0,"[8, 3, 64, 64]","[8, 32, 32, 32]"
64,8,False,relu1,1.8432000651955603e-06,0.0,2097152.0,"[8, 32, 32, 32]","[8, 32, 32, 32]"
64,8,False,pool,3.6864001303911207e-06,0.0,1310720.0,"[8, 32, 32, 32]","[8, 32, 16, 16]"
64,8,False,conv2,4.574719965457916e-05,209715200.0,991232.0,"[8, 32, 16, 16]","[8, 64, 16, 16]"
64,8,False,relu2,1.5359999611973762e-06,0.0,1048576.0,"[8, 64, 16, 16]","[8, 64, 16, 16]"
64,8,False,conv3,2.4166400730609895e-05,75497472.0,1081344.0,"[8, 64, 16, 16]","[8, 128, 8, 8]"
64,8,False,relu3,1.4240000396966936e-06,0.0,524288.0,"[8, 128, 8, 8]","[8, 128, 8, 8]"
64,8,False,conv4,1.59743994474411e-05,33554432.0,917504.0,"[8, 128, 8, 8]","[8, 256, 8, 8]"
64,8,False,relu4,1.5359999611973762e-06,0.0,1048576.0,"[8, 256, 8, 8]","[8, 256, 8, 8]"
64,8,False,conv5,8.959360122680664e-05,150994944.0,3014656.0,"[8, 256, 8, 8]","[8, 256, 4, 4]"
64,8,False,relu5,1.3055999763309954e-06,0.0,262144.0,"[8, 256, 4, 4]","[8, 256, 4, 4]"
64,8,False,conv6,2.5292798876762388e-05,33554432.0,917504.0,"[8, 256, 4, 4]","[8, 512, 4, 4]"
64,8,False,relu6,1.331199984997511e-06,0.0,524288.0,"[8, 512, 4, 4]","[8, 512, 4, 4]"
64,8,False,avgpool,2.252800017595291e-06,65536.0,278528.0,"[8, 512, 4, 4]","[8, 512, 1, 1]"
64,8,False,fc1,4.608000069856643e-06,2099200.0,549888.0,"[8, 512]","[8, 256]"
64,8,False,relu7,1.2992000207304955e-06,0.0,16384.0,"[8, 256]","[8, 256]"
64,8,False,fc2,2.9408000409603118e-06,410400.0,114192.0,"[8, 256]","[8, 100]"
224,1,False,conv1,1.59743994474411e-05,118013952.0,2226560.0,"[1, 3, 224, 224]","[1, 32, 112, 112]"
224,1,False,relu1,2.0479999482631684e-06,0.0,3211264.0,"[1, 32, 112, 112]","[1, 32, 112, 112]"
224,1,False,pool,4.198399931192399e-06,0.0,2007040.0,"[1, 32, 112, 112]","[1, 32, 56, 56]"
224,1,False,conv2,0.000184934401512146,321126400.0,1409024.0,"[1, 32, 56, 56]","[1, 64, 56, 56]"
224,1,False,relu2,1.6383999958634378e-06,0.0,1605632.0,"[1, 64, 56, 56]","[1, 64, 56, 56]"
224,1,False,conv3,2.4883200228214263e-05,115605504.0,1499136.0,"[1, 64, 56, 56]","[1, 128, 28, 28]"
224,1,False,relu3,1.4336000196635723e-06,0.0,802816.0,"[1, 128, 28, 28]","[1, 128, 28, 28]"
224,1,False,conv4,9.808000177145004e-06,51380224.0,1335296.0,"[1, 128, 28, 28]","[1, 256, 28, 28]"
224,1,False,relu4,1.6383999958634378e-06,0.0,1605632.0,"[1, 256, 28, 28]","[1, 256, 28, 28]"
224,1,False,conv5,8.919039964675902e-05,231211008.0,3362816.0,"[1, 256, 28, 28]","[1, 256, 14, 14]"
224,1,False,relu5,1.331199984997511e-06,0.0,401408.0,"[1, 256, 14, 14]","[1, 256, 14, 14]"
224,1,False,conv6,1.2793600559234619e-05,51380224.0,1126400.0,"[1, 256, 14, 14]","[1, 512, 14, 14]"
224,1,False,relu6,1.4336000196635723e-06,0.0,802816.0,"[1, 512, 14, 14]","[1, 512, 14, 14]"
224,1,False,avgpool,2.252800017595291e-06,100352.0,403456.0,"[1, 512, 14, 14]","[1, 512, 1, 1]"
224,1,False,fc1,3.174399957060814e-06,262400.0,528384.0,"[1, 512]","[1, 256]"
224,1,False,relu7,1.312000025063753e-06,0.0,2048.0,"[1, 256]","[1, 256]"
224,1,False,fc2,2.662399969995022e-06,51300.0,104224.0,"[1, 256]","[1, 100]"
256,1,False,conv1,2.1094399690628052e-05,154140672.0,2902400.0,"[1, 3, 256, 256]","[1, 32, 128, 128]"
256,1,False,relu1,2.252800017595291e-06,0.0,4194304.0,"[1, 32, 128, 128]","[1, 32, 128, 128]"
256,1,False,pool,5.017599835991859e-06,0.0,2621440.0,"[1, 32, 128, 128]","[1, 32, 64, 64]"
256,1,False,conv2,5.212159752845764e-05,419430400.0,1777664.0,"[1, 32, 64, 64]","[1, 64, 64, 64]"
256,1,False,relu2,1.8432000651955603e-06,0.0,2097152.0,"[1, 64, 64, 64]","[1, 64, 64, 64]"
256,1,False,conv3,7.004160284996033e-05,150994944.0,1867776.0,"[1, 64, 64, 64]","[1, 128, 32, 32]"
256,1,False,relu3,1.5359999611973762e-06,0.0,1048576.0,"[1, 128, 32, 32]","[1, 128, 32, 32]"
256,1,False,conv4,1.1161600053310394e-05,67108864.0,1703936.0,"[1, 128, 32, 32]","[1, 256, 32, 32]"
256,1,False,relu4,1.8432000651955603e-06,0.0,2097152.0,"[1, 256, 32, 32]","[1, 256, 32, 32]"
256,1,False,conv5,8.877120018005371e-05,301989888.0,3670016.0,"[1, 256, 32, 32]","[1, 256, 16, 16]"
256,1,False,relu5,1.331199984997511e-06,0.0,524288.0,"[1, 256, 16, 16]","[1, 256, 16, 16]"
256,1,False,conv6,1.268160045146942e-05,67108864.0,1310720.0,"[1, 256, 16, 16]","[1, 512, 16, 16]"
256,1,False,relu6,1.5039999969303608e-06,0.0,1048576.0,"[1, 512, 16, 16]","[1, 512, 16, 16]"
256,1,False,avgpool,2.3520000278949736e-06,131072.0,526336.0,"[1, 512, 16, 16]","[1, 512, 1, 1]"
256,1,False,fc1,3.2767999917268756e-06,262400.0,528384.0,"[1, 512]","[1, 256]"
256,1,False,relu7,1.331199984997511e-06,0.0,2048.0,"[1, 256]","[1, 256]"
256,1,False,fc2,2.662399969995022e-06,51300.0,104224.0,"[1, 256]","[1, 100]"
32,128,False,conv1,3.2767999172210695e-05,308281344.0,5785984.0,"[128, 3, 32, 32]","[128, 32, 16, 16]"
32,128,False,relu1,3.888000175356865e-06,0.0,8388608.0,"[128, 32, 16, 16]","[128, 32, 16, 16]"
32,128,False,pool,1.0649599879980087e-05,0.0,5242880.0,"[128, 32, 16, 16]","[128, 32, 8, 8]"
32,128,False,conv2,8.837119936943055e-05,838860800.0,3350528.0,"[128, 32, 8, 8]","[128, 64, 8, 8]"
32,128,False,relu2,2.252800017595291e-06,0.0,4194304.0,"[128, 64, 8, 8]","[128, 64, 8, 8]"
32,128,False,conv3,4.0345600247383117e-05,301989888.0,3440640.0,"[128, 64, 8, 8]","[128, 128, 4, 4]"
32,128,False,relu3,1.7408000305294992e-06,0.0,2097152.0,"[128, 128, 4, 4]","[128, 128, 4, 4]"
32,128,False,conv4,1.6076800227165222e-05,134217728.0,3276800.0,"[128, 128, 4, 4]","[128, 256, 4, 4]"
32,128,False,relu4,2.252800017595291e-06,0.0,4194304.0,"[128, 256, 4, 4]","[128, 256, 4, 4]"
32,128,False,conv5,9.871039986610413e-05,603979776.0,4980736.0,"[128, 256, 4, 4]","[128, 256, 2, 2]"
32,128,False,relu5,1.5359999611973762e-06,0.0,1048576.0,"[128, 256, 2, 2]","[128, 256, 2, 2]"
32,128,False,conv6,2.1299199759960174e-05,134217728.0,2097152.0,"[128, 256, 2, 2]","[128, 512, 2, 2]"
32,128,False,relu6,1.8432000651955603e-06,0.0,2097152.0,"[128, 512, 2, 2]","[128, 512, 2, 2]"
32,128,False,avgpool,3.993599861860275e-06,262144.0,1310720.0,"[128, 512, 2, 2]","[128, 512, 1, 1]"
32,128,False,fc1,7.782399654388428e-06,33587200.0,918528.0,"[128, 512]","[128, 256]"
32,128,False,relu7,1.228800043463707e-06,0.0,262144.0,"[128, 256]","[128, 256]"
32,128,False,fc2,5.632000043988228e-06,6566400.0,285072.0,"[128, 256]","[128, 100]"
256,4,False,conv1,6.0518401861190794e-05,616562688.0,11553152.0,"[4, 3, 256, 256]","[4, 32, 128, 128]"
256,4,False,relu1,2.027519941329956e-05,0.0,16777216.0,"[4, 32, 128, 128]","[4, 32, 128, 128]"
256,4,False,pool,1.9728000462055204e-05,0.0,10485760.0,"[4, 32, 128, 128]","[4, 32, 64, 64]"
256,4,False,conv2,0.00010424319505691528,1677721600.0,6496256.0,"[4, 32, 64, 64]","[4, 64, 64, 64]"
256,4,False,relu2,3.888000175356865e-06,0.0,8388608.0,"[4, 64, 64, 64]","[4, 64, 64, 64]"
256,4,False,conv3,5.5907201766967776e-05,603979776.0,6586368.0,"[4, 64, 64, 64]","[4, 128, 32, 32]"
256,4,False,relu3,2.252800017595291e-06,0.0,4194304.0,"[4, 128, 32, 32]","[4, 128, 32, 32]"
256,4,False,conv4,2.1503999829292296e-05,268435456.0,6422528.0,"[4, 128, 32, 32]","[4, 256, 32, 32]"
256,4,False,relu4,3.993599861860275e-06,0.0,8388608.0,"[4, 256, 32, 32]","[4, 256, 32, 32]"
256,4,False,conv5,0.00015032320022583006,1207959552.0,7602176.0,"[4, 256, 32, 32]","[4, 256, 16, 16]"
256,4,False,relu5,1.8432000651955603e-06,0.0,2097152.0,"[4, 256, 16, 16]","[4, 256, 16, 16]"
256,4,False,conv6,2.9900801181793213e-05,268435456.0,3670016.0,"[4, 256, 16, 16]","[4, 512, 16, 16]"
256,4,False,relu6,2.3552000522613525e-06,0.0,4194304.0,"[4, 512, 16, 16]","[4, 512, 16, 16]"
256,4,False,avgpool,3.2767999917268756e-06,524288.0,2105344.0,"[4, 512, 16, 16]","[4, 512, 1, 1]"
256,4,False,fc1,3.5840000957250597e-06,1049600.0,537600.0,"[4, 512]","[4, 256]"
256,4,False,relu7,1.228800043463707e-06,0.0,8192.0,"[4, 256]","[4, 256]"
256,4,False,fc2,2.457600086927414e-06,205200.0,108496.0,"[4, 256]","[4, 100]"
80,56,True,conv1,8.130559921264648e-05,842956800.0,15788416.0,"[56, 3, 80, 80]","[56, 32, 40, 40]"
80,56,True,relu1,2.8467199206352233e-05,0.0,22937600.0,"[56, 32, 40, 40]","[56, 32, 40, 40]"
80,56,True,pool,2.6214399933815005e-05,0.0,14336000.0,"[56, 32, 40, 40]","[56, 32, 20, 20]"
80,56,True,conv2,0.0001656831979751587,2293760000.0,8806400.0,"[56, 32, 20, 20]","[56, 64, 20, 20]"
80,56,True,relu2,6.342399865388871e-06,0.0,11468800.0,"[56, 64, 20, 20]","[56, 64, 20, 20]"
80,56,True,conv3,8.212479948997497e-05,825753600.0,8896512.0,"[56, 64, 20, 20]","[56, 128, 10, 10]"
80,56,True,relu3,2.969600073993206e-06,0.0,5734400.0,"[56, 128, 10, 10]","[56, 128, 10, 10]"
80,56,True,conv4,3.317759931087494e-05,367001600.0,8732672.0,"[56, 128, 10, 10]","[56, 256, 10, 10]"
80,56,True,relu4,6.348799914121628e-06,0.0,11468800.0,"[56, 256, 10, 10]","[56, 256, 10, 10]"
80,56,True,conv5,0.00022108159065246583,1651507200.0,9527296.0,"[56, 256, 10, 10]","[56, 256, 5, 5]"
80,56,True,relu5,2.0479999482631684e-06,0.0,2867200.0,"[56, 256, 5, 5]","[56, 256, 5, 5]"
80,56,True,conv6,4.126720130443573e-05,367001600.0,4825088.0,"[56, 256, 5, 5]","[56, 512, 5, 5]"
80,56,True,relu6,2.860799990594387e-06,0.0,5734400.0,"[56, 512, 5, 5]","[56, 512, 5, 5]"
80,56,True,avgpool,6.447999924421311e-06,716800.0,2981888.0,"[56, 512, 5, 5]","[56, 512, 1, 1]"
80,56,True,fc1,7.164800167083741e-06,14694400.0,697344.0,"[56, 512]","[56, 256]"
80,56,True,relu7,1.228800043463707e-06,0.0,114688.0,"[56, 256]","[56, 256]"
80,56,True,fc2,7.98719972372055e-06,2872800.0,182544.0,"[56, 256]","[56, 100]"
400,8,True,conv1,0.0002726912021636963,3010560000.0,56338816.0,"[8, 3, 400, 400]","[8, 32, 200, 200]"
400,8,True,relu1,9.850879907608031e-05,0.0,81920000.0,"[8, 32, 200, 200]","[8, 32, 200, 200]"
400,8,True,pool,8.755199909210205e-05,0.0,51200000.0,"[8, 32, 200, 200]","[8, 32, 100, 100]"
400,8,True,conv2,0.00046366720199584964,8192000000.0,30924800.0,"[8, 32, 100, 100]","[8, 64, 100, 100]"
400,8,True,relu2,5.007359981536865e-05,0.0,40960000.0,"[8, 64, 100, 100]","[8, 64, 100, 100]"
400,8,True,conv3,0.00021501760482788086,2949120000.0,31014912.0,"[8, 64, 100, 100]","[8, 128, 50, 50]"
400,8,True,relu3,2.5788798928260802e-05,0.0,20480000.0,"[8, 128, 50, 50]","[8, 128, 50, 50]"
400,8,True,conv4,8.458240032196045e-05,1310720000.0,30851072.0,"[8, 128, 50, 50]","[8, 256, 50, 50]"
400,8,True,relu4,4.997119903564453e-05,0.0,40960000.0,"[8, 256, 50, 50]","[8, 256, 50, 50]"
400,8,True,conv5,0.00032438080310821533,5898240000.0,27959296.0,"[8, 256, 50, 50]","[8, 256, 25, 25]"
400,8,True,relu5,5.51999993622303e-06,0.0,10240000.0,"[8, 256, 25, 25]","[8, 256, 25, 25]"
400,8,True,conv6,7.557119727134704e-05,1310720000.0,15884288.0,"[8, 256, 25, 25]","[8, 512, 25, 25]"
400,8,True,relu6,2.5804799795150758e-05,0.0,20480000.0,"[8, 512, 25, 25]","[8, 512, 25, 25]"
400,8,True,avgpool,1.6383999586105347e-05,2560000.0,10256384.0,"[8, 512, 25, 25]","[8, 512, 1, 1]"
400,8,True,fc1,5.427199974656105e-06,2099200.0,549888.0,"[8, 512]","[8, 256]"
400,8,True,relu7,1.4336000196635723e-06,0.0,16384.0,"[8, 256]","[8, 256]"
400,8,True,fc2,3.3792000263929365e-06,410400.0,114192.0,"[8, 256]","[8, 100]"
64,16,False,conv1,2.035199999809265e-05,154140672.0,2902400.0,"[16, 3, 64, 64]","[16, 32, 32, 32]"
64,16,False,relu1,2.3552000522613525e-06,0.0,4194304.0,"[16, 32, 32, 32]","[16, 32, 32, 32]"
64,16,False,pool,5.324799939990044e-06,0.0,2621440.0,"[16, 32, 32, 32]","[16, 32, 16, 16]"
64,16,False,conv2,4.925119876861572e-05,419430400.0,1777664.0,"[16, 32, 16, 16]","[16, 64, 16, 16]"
64,16,False,relu2,1.8432000651955603e-06,0.0,2097152.0,"[16, 64, 16, 16]","[16, 64, 16, 16]"
64,16,False,conv3,2.5804799795150758e-05,150994944.0,1867776.0,"[16, 64, 16, 16]","[16, 128, 8, 8]"
64,16,False,relu3,1.5359999611973762e-06,0.0,1048576.0,"[16, 128, 8, 8]","[16, 128, 8, 8]"
64,16,False,conv4,1.6358399391174316e-05,67108864.0,1703936.0,"[16, 128, 8, 8]","[16, 256, 8, 8]"
64,16,False,relu4,1.945599913597107e-06,0.0,2097152.0,"[16, 256, 8, 8]","[16, 256, 8, 8]"
64,16,False,conv5,8.979200124740601e-05,301989888.0,3670016.0,"[16, 256, 8, 8]","[16, 256, 4, 4]"
64,16,False,relu5,1.4175999909639357e-06,0.0,524288.0,"[16, 256, 4, 4]","[16, 256, 4, 4]"
64,16,False,conv6,2.539519965648651e-05,67108864.0,1310720.0,"[16, 256, 4, 4]","[16, 512, 4, 4]"
64,16,False,relu6,1.5200000256299973e-06,0.0,1048576.0,"[16, 512, 4, 4]","[16, 512, 4, 4]"
64,16,False,avgpool,3.0656000599265094e-06,131072.0,557056.0,"[16, 512, 4, 4]","[16, 512, 1, 1]"
64,16,False,fc1,5.615999922156334e-06,4198400.0,574464.0,"[16, 512]","[16, 256]"
64,16,False,relu7,1.228800043463707e-06,0.0,32768.0,"[16, 256]","[16, 256]"
64,16,False,fc2,2.969600073993206e-06,820800.0,125584.0,"[16, 256]","[16, 100]"
128,64,False,conv1,0.00022228479385375975,2466250752.0,46156160.0,"[64, 3, 128, 128]","[64, 32, 64, 64]"
128,64,False,relu1,8.089600205421447e-05,0.0,67108864.0,"[64, 32, 64, 64]","[64, 32, 64, 64]"
128,64,False,pool,7.105600237846374e-05,0.0,41943040.0,"[64, 32, 64, 64]","[64, 32, 32, 32]"
128,64,False,conv2,0.0003943423986434937,6710886400.0,25370624.0,"[64, 32, 32, 32]","[64, 64, 32, 32]"
128,64,False,relu2,4.126720130443573e-05,0.0,33554432.0,"[64, 64, 32, 32]","[64, 64, 32, 32]"
128,64,False,conv3,0.00017950719594955446,2415919104.0,25460736.0,"[64, 64, 32, 32]","[64, 128, 16, 16]"
128,64,False,relu3,2.0479999482631683e-05,0.0,16777216.0,"[64, 128, 16, 16]","[64, 128, 16, 16]"
128,64,False,conv4,7.976959943771362e-05,1073741824.0,25296896.0,"[64, 128, 16, 16]","[64, 256, 16, 16]"
128,64,False,relu4,4.1251200437545774e-05,0.0,33554432.0,"[64, 256, 16, 16]","[64, 256, 16, 16]"
128,64,False,conv5,0.0003150847911834717,4831838208.0,23330816.0,"[64, 256, 16, 16]","[64, 256, 8, 8]"
128,64,False,relu5,4.29759994149208e-06,0.0,8388608.0,"[64, 256, 8, 8]","[64, 256, 8, 8]"
128,64,False,conv6,0.00010260479450225829,1073741824.0,13107200.0,"[64, 256, 8, 8]","[64, 512, 8, 8]"
128,64,False,relu6,2.0479999482631683e-05,0.0,16777216.0,"[64, 512, 8, 8]","[64, 512, 8, 8]"
128,64,False,avgpool,1.5667200088500975e-05,2097152.0,8519680.0,"[64, 512, 8, 8]","[64, 512, 1, 1]"
128,64,False,fc1,7.77919963002205e-06,16793600.0,721920.0,"[64, 512]","[64, 256]"
128,64,False,relu7,1.4240000396966936e-06,0.0,131072.0,"[64, 256]","[64, 256]"
128,64,False,fc2,8.806400001049041e-06,3283200.0,193936.0,"[64, 256]","[64, 100]"
384,8,False,conv1,0.0002515968084335327,2774532096.0,51923328.0,"[8, 3, 384, 384]","[8, 32, 192, 192]"
384,8,False,relu1,9.062399864196777e-05,0.0,75497472.0,"[8, 32, 192, 192]","[8, 32, 192, 192]"
384,8,False,pool,7.956479787826538e-05,0.0,47185920.0,"[8, 32, 192, 192]","[8, 32, 96, 96]"
384,8,False,conv2,0.00044041280746459963,7549747200.0,28516352.0,"[8, 32, 96, 96]","[8, 64, 96, 96]"
384,8,False,relu2,4.628480076789856e-05,0.0,37748736.0,"[8, 64, 96, 96]","[8, 64, 96, 96]"
384,8,False,conv3,0.0002120703935623169,2717908992.0,28606464.0,"[8, 64, 96, 96]","[8, 128, 48, 48]"
384,8,False,relu3,2.385919988155365e-05,0.0,18874368.0,"[8, 128, 48, 48]","[8, 128, 48, 48]"
384,8,False,conv4,8.120319843292237e-05,1207959552.0,28442624.0,"[8, 128, 48, 48]","[8, 256, 48, 48]"
384,8,False,relu4,4.618239998817444e-05,0.0,37748736.0,"[8, 256, 48, 48]","[8, 256, 48, 48]"
384,8,False,conv5,0.0003176448106765747,5435817984.0,25952256.0,"[8, 256, 48, 48]","[8, 256, 24, 24]"
384,8,False,relu5,4.812800139188767e-06,0.0,9437184.0,"[8, 256, 24, 24]","[8, 256, 24, 24]"
384,8,False,conv6,7.301120162010193e-05,1207959552.0,14680064.0,"[8, 256, 24, 24]","[8, 512, 24, 24]"
384,8,False,relu6,2.3827199637889862e-05,0.0,18874368.0,"[8, 512, 24, 24]","[8, 512, 24, 24]"
384,8,False,avgpool,1.5039999783039094e-05,2359296.0,9453568.0,"[8, 512, 24, 24]","[8, 512, 1, 1]"
384,8,False,fc1,5.324799939990044e-06,2099200.0,549888.0,"[8, 512]","[8, 256]"
384,8,False,relu7,1.4336000196635723e-06,0.0,16384.0,"[8, 256]","[8, 256]"
384,8,False,fc2,3.3727999776601787e-06,410400.0,114192.0,"[8, 256]","[8, 100]"
512,4,False,conv1,0.0002233344078063965,2466250752.0,46156160.0,"[4, 3, 512, 512]","[4, 32, 256, 256]"
512,4,False,relu1,8.110079765319825e-05,0.0,67108864.0,"[4, 32, 256, 256]","[4, 32, 256, 256]"
512,4,False,pool,7.208960056304932e-05,0.0,41943040.0,"[4, 32, 256, 256]","[4, 32, 128, 128]"
512,4,False,conv2,0.00040120320320129394,6710886400.0,25370624.0,"[4, 32, 128, 128]","[4, 64, 128, 128]"
512,4,False,relu2,4.126720130443573e-05,0.0,33554432.0,"[4, 64, 128, 128]","[4, 64, 128, 128]"
512,4,False,conv3,0.00017653759717941285,2415919104.0,25460736.0,"[4, 64, 128, 128]","[4, 128, 64, 64]"
512,4,False,relu3,2.0553599298000336e-05,0.0,16777216.0,"[4, 128, 64, 64]","[4, 128, 64, 64]"
512,4,False,conv4,8.120319843292237e-05,1073741824.0,25296896.0,"[4, 128, 64, 64]","[4, 256, 64, 64]"
512,4,False,relu4,4.126720130443573e-05,0.0,33554432.0,"[4, 256, 64, 64]","[4, 256, 64, 64]"
512,4,False,conv5,0.00030627839565277096,4831838208.0,23330816.0,"[4, 256, 64, 64]","[4, 256, 32, 32]"
512,4,False,relu5,4.4032000005245205e-06,0.0,8388608.0,"[4, 256, 32, 32]","[4, 256, 32, 32]"
512,4,False,conv6,7.567359805107117e-05,1073741824.0,13107200.0,"[4, 256, 32, 32]","[4, 512, 32, 32]"
512,4,False,relu6,2.0479999482631683e-05,0.0,16777216.0,"[4, 512, 32, 32]","[4, 512, 32, 32]"
512,4,False,avgpool,1.207680031657219e-05,2097152.0,8396800.0,"[4, 512, 32, 32]","[4, 512, 1, 1]"
512,4,False,fc1,3.7888001650571825e-06,1049600.0,537600.0,"[4, 512]","[4, 256]"
512,4,False,relu7,1.4271999709308146e-06,0.0,8192.0,"[4, 256]","[4, 256]"
512,4,False,fc2,2.662399969995022e-06,205200.0,108496.0,"[4, 256]","[4, 100]"
256,56,True,conv1,0.0009559040069580078,8631877632.0,161499520.0,"[56, 3, 256, 256]","[56, 32, 128, 128]"
256,56,True,relu1,0.0002792448043823242,0.0,234881024.0,"[56, 32, 128, 128]","[56, 32, 128, 128]"
256,56,True,pool,0.00024627199172973637,0.0,146800640.0,"[56, 32, 128, 128]","[56, 32, 64, 64]"
256,56,True,conv2,0.001297715187072754,23488102400.0,88285184.0,"[56, 32, 64, 64]","[56, 64, 64, 64]"
256,56,True,relu2,0.00014049279689788818,0.0,117440512.0,"[56, 64, 64, 64]","[56, 64, 64, 64]"
256,56,True,conv3,0.0005835775852203369,8455716864.0,88375296.0,"[56, 64, 64, 64]","[56, 128, 32, 32]"
256,56,True,relu3,7.106239795684814e-05,0.0,58720256.0,"[56, 128, 32, 32]","[56, 128, 32, 32]"
256,56,True,conv4,0.00022466559410095214,3758096384.0,88211456.0,"[56, 128, 32, 32]","[56, 256, 32, 32]"
256,56,True,relu4,0.0001405951976776123,0.0,117440512.0,"[56, 256, 32, 32]","[56, 256, 32, 32]"
256,56,True,conv5,0.000994918441772461,16911433728.0,75759616.0,"[56, 256, 32, 32]","[56, 256, 16, 16]"
256,56,True,relu5,3.644160032272339e-05,0.0,29360128.0,"[56, 256, 16, 16]","[56, 256, 16, 16]"
256,56,True,conv6,0.00021473278999328615,3758096384.0,44564480.0,"[56, 256, 16, 16]","[56, 512, 16, 16]"
256,56,True,relu6,7.114239931106568e-05,0.0,58720256.0,"[56, 512, 16, 16]","[56, 512, 16, 16]"
256,56,True,avgpool,3.604480028152466e-05,7340032.0,29474816.0,"[56, 512, 16, 16]","[56, 512, 1, 1]"
256,56,True,fc1,8.396799862384797e-06,14694400.0,697344.0,"[56, 512]","[56, 256]"
256,56,True,relu7,1.5359999611973762e-06,0.0,114688.0,"[56, 256]","[56, 256]"
256,56,True,fc2,9.42080020904541e-06,2872800.0,182544.0,"[56, 256]","[56, 100]"
80,179,True,conv1,0.00024514560699462893,2694451200.0,50425216.0,"[179, 3, 80, 80]","[179, 32, 40, 40]"
80,179,True,relu1,8.837119936943055e-05,0.0,73318400.0,"[179, 32, 40, 40]","[179, 32, 40, 40]"
80,179,True,pool,7.92576014995575e-05,0.0,45824000.0,"[179, 32, 40, 40]","[179, 32, 20, 20]"
80,179,True,conv2,0.00044595198631286616,7331840000.0,27699200.0,"[179, 32, 20, 20]","[179, 64, 20, 20]"
80,179,True,relu2,4.49535995721817e-05,0.0,36659200.0,"[179, 64, 20, 20]","[179, 64, 20, 20]"
80,179,True,conv3,0.0001848320007324219,2639462400.0,27789312.0,"[179, 64, 20, 20]","[179, 128, 10, 10]"
80,179,True,relu3,2.311999946832657e-05,0.0,18329600.0,"[179, 128, 10, 10]","[179, 128, 10, 10]"
80,179,True,conv4,8.294399976730346e-05,1173094400.0,27625472.0,"[179, 128, 10, 10]","[179, 256, 10, 10]"
80,179,True,relu4,4.49535995721817e-05,0.0,36659200.0,"[179, 256, 10, 10]","[179, 256, 10, 10]"
80,179,True,conv5,0.00032583680152893066,5278924800.0,25271296.0,"[179, 256, 10, 10]","[179, 256, 5, 5]"
80,179,True,relu5,4.608000069856643e-06,0.0,9164800.0,"[179, 256, 5, 5]","[179, 256, 5, 5]"
80,179,True,conv6,7.986559867858886e-05,1173094400.0,14271488.0,"[179, 256, 5, 5]","[179, 512, 5, 5]"
80,179,True,relu6,2.314240038394928e-05,0.0,18329600.0,"[179, 512, 5, 5]","[179, 512, 5, 5]"
80,179,True,avgpool,2.1196800470352175e-05,2291200.0,9531392.0,"[179, 512, 5, 5]","[179, 512, 1, 1]"
80,179,True,fc1,1.1059200018644333e-05,46969600.0,1075200.0,"[179, 512]","[179, 256]"
80,179,True,relu7,1.6383999958634378e-06,0.0,366592.0,"[179, 256]","[179, 256]"
80,179,True,fc2,7.372800260782241e-06,9182700.0,357696.0,"[179, 256]","[179, 100]"
80,32,True,conv1,4.9443200230598446e-05,481689600.0,9030016.0,"[32, 3, 80, 80]","[32, 32, 40, 40]"
80,32,True,relu1,1.1468800157308578e-05,0.0,13107200.0,"[32, 32, 40, 40]","[32, 32, 40, 40]"
80,32,True,pool,1.5865600109100343e-05,0.0,8192000.0,"[32, 32, 40, 40]","[32, 32, 20, 20]"
80,32,True,conv2,0.00011663360595703125,1310720000.0,5120000.0,"[32, 32, 20, 20]","[32, 64, 20, 20]"
80,32,True,relu2,2.969600073993206e-06,0.0,6553600.0,"[32, 64, 20, 20]","[32, 64, 20, 20]"
80,32,True,conv3,5.36575973033905e-05,471859200.0,5210112.0,"[32, 64, 20, 20]","[32, 128, 10, 10]"
80,32,True,relu3,2.252800017595291e-06,0.0,3276800.0,"[32, 128, 10, 10]","[32, 128, 10, 10]"
80,32,True,conv4,2.200639992952347e-05,209715200.0,5046272.0,"[32, 128, 10, 10]","[32, 256, 10, 10]"
80,32,True,relu4,3.0719999223947524e-06,0.0,6553600.0,"[32, 256, 10, 10]","[32, 256, 10, 10]"
80,32,True,conv5,0.0001433344006538391,943718400.0,6455296.0,"[32, 256, 10, 10]","[32, 256, 5, 5]"
80,32,True,relu5,1.7119999974966048e-06,0.0,1638400.0,"[32, 256, 5, 5]","[32, 256, 5, 5]"
80,32,True,conv6,2.6316800713539123e-05,209715200.0,2981888.0,"[32, 256, 5, 5]","[32, 512, 5, 5]"
80,32,True,relu6,2.15039998292923e-06,0.0,3276800.0,"[32, 512, 5, 5]","[32, 512, 5, 5]"
80,32,True,avgpool,4.608000069856643e-06,409600.0,1703936.0,"[32, 512, 5, 5]","[32, 512, 1, 1]"
80,32,True,fc1,6.652799993753433e-06,8396800.0,623616.0,"[32, 512]","[32, 256]"
80,32,True,relu7,1.312000025063753e-06,0.0,65536.0,"[32, 256]","[32, 256]"
80,32,True,fc2,8.191999793052674e-06,1641600.0,148368.0,"[32, 256]","[32, 100]"
224,179,True,conv1,0.0022189056396484377,21124497408.0,395204992.0,"[179, 3, 224, 224]","[179, 32, 112, 112]"
224,179,True,relu1,0.0006805503845214844,0.0,574816256.0,"[179, 32, 112, 112]","[179, 32, 112, 112]"
224,179,True,pool,0.0005864448070526122,0.0,359260160.0,"[179, 32, 112, 112]","[179, 32, 56, 56]"
224,179,True,conv2,0.003155251121520996,57481625600.0,215760896.0,"[179, 32, 56, 56]","[179, 64, 56, 56]"
224,179,True,relu2,0.000340991997718811,0.0,287408128.0,"[179, 64, 56, 56]","[179, 64, 56, 56]"
224,179,True,conv3,0.0012081055641174317,20693385216.0,215851008.0,"[179, 64, 56, 56]","[179, 128, 28, 28]"
224,179,True,relu3,0.0001714176058769226,0.0,143704064.0,"[179, 128, 28, 28]","[179, 128, 28, 28]"
224,179,True,conv4,0.0006685696125030518,9197060096.0,215687168.0,"[179, 128, 28, 28]","[179, 256, 28, 28]"
224,179,True,relu4,0.0003412992000579834,0.0,287408128.0,"[179, 256, 28, 28]","[179, 256, 28, 28]"
224,179,True,conv5,0.0023780223846435545,41386770432.0,181989376.0,"[179, 256, 28, 28]","[179, 256, 14, 14]"
224,179,True,relu5,8.663039803504943e-05,0.0,71852032.0,"[179, 256, 14, 14]","[179, 256, 14, 14]"
224,179,True,conv6,0.0005038080215454102,9197060096.0,108302336.0,"[179, 256, 14, 14]","[179, 512, 14, 14]"
224,179,True,relu6,0.00017161600589752198,0.0,143704064.0,"[179, 512, 14, 14]","[179, 512, 14, 14]"
224,179,True,avgpool,8.652799725532531e-05,17963008.0,72218624.0,"[179, 512, 14, 14]","[179, 512, 1, 1]"
224,179,True,fc1,1.1366400122642517e-05,46969600.0,1075200.0,"[179, 512]","[179, 256]"
224,179,True,relu7,1.7408000305294992e-06,0.0,366592.0,"[179, 256]","[179, 256]"
224,179,True,fc2,7.577600330114365e-06,9182700.0,357696.0,"[179, 256]","[179, 100]"
272,4,True,conv1,6.860799789428712e-05,696041472.0,13040000.0,"[4, 3, 272, 272]","[4, 32, 136, 136]"
272,4,True,relu1,2.3756800591945647e-05,0.0,18939904.0,"[4, 32, 136, 136]","[4, 32, 136, 136]"
272,4,True,pool,2.1913599967956543e-05,0.0,11837440.0,"[4, 32, 136, 136]","[4, 32, 68, 68]"
272,4,True,conv2,0.00010844160318374633,1893990400.0,7307264.0,"[4, 32, 68, 68]","[4, 64, 68, 68]"
272,4,True,relu2,4.198399931192399e-06,0.0,9469952.0,"[4, 64, 68, 68]","[4, 64, 68, 68]"
272,4,True,conv3,5.744640231132507e-05,681836544.0,7397376.0,"[4, 64, 68, 68]","[4, 128, 34, 34]"
272,4,True,relu3,2.550400048494339e-06,0.0,4734976.0,"[4, 128, 34, 34]","[4, 128, 34, 34]"
272,4,True,conv4,2.33472004532814e-05,303038464.0,7233536.0,"[4, 128, 34, 34]","[4, 256, 34, 34]"
272,4,True,relu4,4.4991999864578245e-06,0.0,9469952.0,"[4, 256, 34, 34]","[4, 256, 34, 34]"
272,4,True,conv5,0.00015933439731597902,1363673088.0,8278016.0,"[4, 256, 34, 34]","[4, 256, 17, 17]"
272,4,True,relu5,2.0416000857949254e-06,0.0,2367488.0,"[4, 256, 17, 17]","[4, 256, 17, 17]"
272,4,True,conv6,3.407999873161316e-05,303038464.0,4075520.0,"[4, 256, 17, 17]","[4, 512, 17, 17]"
272,4,True,relu6,2.662399969995022e-06,0.0,4734976.0,"[4, 512, 17, 17]","[4, 512, 17, 17]"
272,4,True,avgpool,3.5840000957250597e-06,591872.0,2375680.0,"[4, 512, 17, 17]","[4, 512, 1, 1]"
272,4,True,fc1,3.6704000085592273e-06,1049600.0,537600.0,"[4, 512]","[4, 256]"
272,4,True,relu7,1.327999960631132e-06,0.0,8192.0,"[4, 256]","[4, 256]"
272,4,True,fc2,2.457600086927414e-06,205200.0,108496.0,"[4, 256]","[4, 100]"
80,256,True,conv1,0.00034641919136047363,3853516800.0,72108416.0,"[256, 3, 80, 80]","[256, 32, 40, 40]"
80,256,True,relu1,0.0001256448030471802,0.0,104857600.0,"[256, 32, 40, 40]","[256, 32, 40, 40]"
80,256,True,pool,0.00011232639551162719,0.0,65536000.0,"[256, 32, 40, 40]","[256, 32, 20, 20]"
80,256,True,conv2,0.0006077439785003662,10485760000.0,39526400.0,"[256, 32, 20, 20]","[256, 64, 20, 20]"
80,256,True,relu2,6.369280219078064e-05,0.0,52428800.0,"[256, 64, 20, 20]","[256, 64, 20, 20]"
80,256,True,conv3,0.00020805120468139646,3774873600.0,39616512.0,"[256, 64, 20, 20]","[256, 128, 10, 10]"
80,256,True,relu3,3.246079981327057e-05,0.0,26214400.0,"[256, 128, 10, 10]","[256, 128, 10, 10]"
80,256,True,conv4,0.00011233279705047607,1677721600.0,39452672.0,"[256, 128, 10, 10]","[256, 256, 10, 10]"
80,256,True,relu4,6.378239989280701e-05,0.0,52428800.0,"[256, 256, 10, 10]","[256, 256, 10, 10]"
80,256,True,conv5,0.0004823904037475586,7549747200.0,35127296.0,"[256, 256, 10, 10]","[256, 256, 5, 5]"
80,256,True,relu5,1.16736002266407e-05,0.0,13107200.0,"[256, 256, 5, 5]","[256, 256, 5, 5]"
80,256,True,conv6,9.932799935340883e-05,1677721600.0,20185088.0,"[256, 256, 5, 5]","[256, 512, 5, 5]"
80,256,True,relu6,3.2636800408363345e-05,0.0,26214400.0,"[256, 512, 5, 5]","[256, 512, 5, 5]"
80,256,True,avgpool,2.969599962234497e-05,3276800.0,13631488.0,"[256, 512, 5, 5]","[256, 512, 1, 1]"
80,256,True,fc1,1.4934399724006654e-05,67174400.0,1311744.0,"[256, 512]","[256, 256]"
80,256,True,relu7,1.6256000846624374e-06,0.0,524288.0,"[256, 256]","[256, 256]"
80,256,True,fc2,7.868800312280656e-06,13132800.0,467344.0,"[256, 256]","[256, 100]"
272,29,True,conv1,0.0005028863906860351,5046300672.0,94422400.0,"[29, 3, 272, 272]","[29, 32, 136, 136]"
272,29,True,relu1,0.00016414719820022583,0.0,137314304.0,"[29, 32, 136, 136]","[29, 32, 136, 136]"
272,29,True,pool,0.00014387199878692627,0.0,85821440.0,"[29, 32, 136, 136]","[29, 32, 68, 68]"
272,29,True,conv2,0.0007638016223907471,13731430400.0,51697664.0,"[29, 32, 68, 68]","[29, 64, 68, 68]"
272,29,True,relu2,8.284159898757935e-05,0.0,68657152.0,"[29, 64, 68, 68]","[29, 64, 68, 68]"
272,29,True,conv3,0.00035164160728454587,4943314944.0,51787776.0,"[29, 64, 68, 68]","[29, 128, 34, 34]"
272,29,True,relu3,4.216639995574951e-05,0.0,34328576.0,"[29, 128, 34, 34]","[29, 128, 34, 34]"
272,29,True,conv4,0.00014847999811172486,2197028864.0,51623936.0,"[29, 128, 34, 34]","[29, 256, 34, 34]"
272,29,True,relu4,8.284159898757935e-05,0.0,68657152.0,"[29, 256, 34, 34]","[29, 256, 34, 34]"
272,29,True,conv5,0.0006731776237487794,9886629888.0,45270016.0,"[29, 256, 34, 34]","[29, 256, 17, 17]"
272,29,True,relu5,2.1401600539684293e-05,0.0,17164288.0,"[29, 256, 17, 17]","[29, 256, 17, 17]"
272,29,True,conv6,0.0001423359990119934,2197028864.0,26270720.0,"[29, 256, 17, 17]","[29, 512, 17, 17]"
272,29,True,relu6,4.19840008020401e-05,0.0,34328576.0,"[29, 512, 17, 17]","[29, 512, 17, 17]"
272,29,True,avgpool,2.6009601354599e-05,4291072.0,17223680.0,"[29, 512, 17, 17]","[29, 512, 1, 1]"
272,29,True,fc1,7.2704002261161795e-06,7609600.0,614400.0,"[29, 512]","[29, 256]"
272,29,True,relu7,1.5168000012636184e-06,0.0,59392.0,"[29, 256]","[29, 256]"
272,29,True,fc2,8.908800035715104e-06,1487700.0,144096.0,"[29, 256]","[29, 100]"
224,32,False,conv1,0.00034058239459991457,3776446464.0,70666624.0,"[32, 3, 224, 224]","[32, 32, 112, 112]"
224,32,False,relu1,0.00012318719625473024,0.0,102760448.0,"[32, 32, 112, 112]","[32, 32, 112, 112]"
224,32,False,pool,0.00010913280248641968,0.0,64225280.0,"[32, 32, 112, 112]","[32, 32, 56, 56]"
224,32,False,conv2,0.0005853184223175049,10276044800.0,38739968.0,"[32, 32, 56, 56]","[32, 64, 56, 56]"
224,32,False,relu2,6.245440244674684e-05,0.0,51380224.0,"[32, 64, 56, 56]","[32, 64, 56, 56]"
224,32,False,conv3,0.000293068790435791,3699376128.0,38830080.0,"[32, 64, 56, 56]","[32, 128, 28, 28]"
224,32,False,relu3,3.17440003156662e-05,0.0,25690112.0,"[32, 128, 28, 28]","[32, 128, 28, 28]"
224,32,False,conv4,0.00010301439762115479,1644167168.0,38666240.0,"[32, 128, 28, 28]","[32, 256, 28, 28]"
224,32,False,relu4,6.236159801483155e-05,0.0,51380224.0,"[32, 256, 28, 28]","[32, 256, 28, 28]"
224,32,False,conv5,0.00047216639518737793,7398752256.0,34471936.0,"[32, 256, 28, 28]","[32, 256, 14, 14]"
224,32,False,relu5,1.0332799702882767e-05,0.0,12845056.0,"[32, 256, 14, 14]","[32, 256, 14, 14]"
224,32,False,conv6,0.00010926079750061034,1644167168.0,19791872.0,"[32, 256, 14, 14]","[32, 512, 14, 14]"
224,32,False,relu6,3.184640109539032e-05,0.0,25690112.0,"[32, 512, 14, 14]","[32, 512, 14, 14]"
224,32,False,avgpool,1.8534399569034576e-05,3211264.0,12910592.0,"[32, 512, 14, 14]","[32, 512, 1, 1]"
224,32,False,fc1,7.372800260782241e-06,8396800.0,623616.0,"[32, 512]","[32, 256]"
224,32,False,relu7,1.4336000196635723e-06,0.0,65536.0,"[32, 256]","[32, 256]"
224,32,False,fc2,9.113600105047226e-06,1641600.0,148368.0,"[32, 256]","[32, 100]"
224,2,False,conv1,2.6214399933815005e-05,236027904.0,4434304.0,"[2, 3, 224, 224]","[2, 32, 112, 112]"
224,2,False,relu1,3.174399957060814e-06,0.0,6422528.0,"[2, 32, 112, 112]","[2, 32, 112, 112]"
224,2,False,pool,6.825599819421769e-06,0.0,4014080.0,"[2, 32, 112, 112]","[2, 32, 56, 56]"
224,2,False,conv2,7.854080200195312e-05,642252800.0,2613248.0,"[2, 32, 56, 56]","[2, 64, 56, 56]"
224,2,False,relu2,2.0479999482631684e-06,0.0,3211264.0,"[2, 64, 56, 56]","[2, 64, 56, 56]"
224,2,False,conv3,3.420160114765167e-05,231211008.0,2703360.0,"[2, 64, 56, 56]","[2, 128, 28, 28]"
224,2,False,relu3,1.6383999958634378e-06,0.0,1605632.0,"[2, 128, 28, 28]","[2, 128, 28, 28]"
224,2,False,conv4,1.4643199741840362e-05,102760448.0,2539520.0,"[2, 128, 28, 28]","[2, 256, 28, 28]"
224,2,False,relu4,2.1439999341964724e-06,0.0,3211264.0,"[2, 256, 28, 28]","[2, 256, 28, 28]"
224,2,False,conv5,9.297919869422913e-05,462422016.0,4366336.0,"[2, 256, 28, 28]","[2, 256, 14, 14]"
224,2,False,relu5,1.4336000196635723e-06,0.0,802816.0,"[2, 256, 14, 14]","[2, 256, 14, 14]"
224,2,False,conv6,1.6572800278663633e-05,102760448.0,1728512.0,"[2, 256, 14, 14]","[2, 512, 14, 14]"
224,2,False,relu6,1.6383999958634378e-06,0.0,1605632.0,"[2, 512, 14, 14]","[2, 512, 14, 14]"
224,2,False,avgpool,2.4447999894618986e-06,200704.0,806912.0,"[2, 512, 14, 14]","[2, 512, 1, 1]"
224,2,False,fc1,3.1392000615596775e-06,524800.0,531456.0,"[2, 512]","[2, 256]"
224,2,False,relu7,1.331199984997511e-06,0.0,4096.0,"[2, 256]","[2, 256]"
224,2,False,fc2,2.15039998292923e-06,102600.0,105648.0,"[2, 256]","[2, 100]"
32,32,False,conv1,1.207680031657219e-05,77070336.0,1460608.0,"[32, 3, 32, 32]","[32, 32, 16, 16]"
32,32,False,relu1,1.8208000808954238e-06,0.0,2097152.0,"[32, 32, 16, 16]","[32, 32, 16, 16]"
32,32,False,pool,3.6864001303911207e-06,0.0,1310720.0,"[32, 32, 16, 16]","[32, 32, 8, 8]"
32,32,False,conv2,2.467840015888214e-05,209715200.0,991232.0,"[32, 32, 8, 8]","[32, 64, 8, 8]"
32,32,False,relu2,1.5359999611973762e-06,0.0,1048576.0,"[32, 64, 8, 8]","[32, 64, 8, 8]"
32,32,False,conv3,2.4035200476646422e-05,75497472.0,1081344.0,"[32, 64, 8, 8]","[32, 128, 4, 4]"
32,32,False,relu3,1.331199984997511e-06,0.0,524288.0,"[32, 128, 4, 4]","[32, 128, 4, 4]"
32,32,False,conv4,1.58720001578331e-05,33554432.0,917504.0,"[32, 128, 4, 4]","[32, 256, 4, 4]"
32,32,False,relu4,1.5359999611973762e-06,0.0,1048576.0,"[32, 256, 4, 4]","[32, 256, 4, 4]"
32,32,False,conv5,9.164800047874451e-05,150994944.0,3014656.0,"[32, 256, 4, 4]","[32, 256, 2, 2]"
32,32,False,relu5,1.3151999562978746e-06,0.0,262144.0,"[32, 256, 2, 2]","[32, 256, 2, 2]"
32,32,False,conv6,1.3206399977207185e-05,33554432.0,917504.0,"[32, 256, 2, 2]","[32, 512, 2, 2]"
32,32,False,relu6,1.331199984997511e-06,0.0,524288.0,"[32, 512, 2, 2]","[32, 512, 2, 2]"
32,32,False,avgpool,2.15039998292923e-06,65536.0,327680.0,"[32, 512, 2, 2]","[32, 512, 1, 1]"
32,32,False,fc1,6.447999924421311e-06,8396800.0,623616.0,"[32, 512]","[32, 256]"
32,32,False,relu7,1.228800043463707e-06,0.0,65536.0,"[32, 256]","[32, 256]"
32,32,False,fc2,7.884799689054489e-06,1641600.0,148368.0,"[32, 256]","[32, 100]"
384,32,False,conv1,0.0011718655586242675,11098128384.0,207636864.0,"[32, 3, 384, 384]","[32, 32, 192, 192]"
384,32,False,relu1,0.0003586047887802124,0.0,301989888.0,"[32, 32, 192, 192]","[32, 32, 192, 192]"
384,32,False,pool,0.0003141632080078125,0.0,188743680.0,"[32, 32, 192, 192]","[32, 32, 96, 96]"
384,32,False,conv2,0.0016879615783691407,30198988800.0,113451008.0,"[32, 32, 96, 96]","[32, 64, 96, 96]"
384,32,False,relu2,0.00018012160062789916,0.0,150994944.0,"[32, 64, 96, 96]","[32, 64, 96, 96]"
384,32,False,conv3,0.0007792384147644043,10871635968.0,113541120.0,"[32, 64, 96, 96]","[32, 128, 48, 48]"
384,32,False,relu3,9.103360176086426e-05,0.0,75497472.0,"[32, 128, 48, 48]","[32, 128, 48, 48]"
384,32,False,conv4,0.00029450240135192867,4831838208.0,113377280.0,"[32, 128, 48, 48]","[32, 256, 48, 48]"
384,32,False,relu4,0.00018012160062789916,0.0,150994944.0,"[32, 256, 48, 48]","[32, 256, 48, 48]"
384,32,False,conv5,0.0013232000350952148,21743271936.0,96731136.0,"[32, 256, 48, 48]","[32, 256, 24, 24]"
384,32,False,relu5,4.628480076789856e-05,0.0,37748736.0,"[32, 256, 24, 24]","[32, 256, 24, 24]"
384,32,False,conv6,0.000284662389755249,4831838208.0,57147392.0,"[32, 256, 24, 24]","[32, 512, 24, 24]"
384,32,False,relu6,9.103360176086426e-05,0.0,75497472.0,"[32, 512, 24, 24]","[32, 512, 24, 24]"
384,32,False,avgpool,4.659200012683869e-05,9437184.0,37814272.0,"[32, 512, 24, 24]","[32, 512, 1, 1]"
384,32,False,fc1,7.772800326347352e-06,8396800.0,623616.0,"[32, 512]","[32, 256]"
384,32,False,relu7,1.4336000196635723e-06,0.0,65536.0,"[32, 256]","[32, 256]"
384,32,False,fc2,9.523200243711471e-06,1641600.0,148368.0,"[32, 256]","[32, 100]"
512,179,True,conv1,0.011404185485839843,110364721152.0,2064664960.0,"[179, 3, 512, 512]","[179, 32, 256, 256]"
512,179,True,relu1,0.0035503105163574218,0.0,3003121664.0,"[179, 32, 256, 256]","[179, 32, 256, 256]"
512,179,True,pool,0.00311592960357666,0.0,1876951040.0,"[179, 32, 256, 256]","[179, 32, 128, 128]"
512,179,True,conv2,0.016291123962402343,300312166400.0,1126375424.0,"[179, 32, 128, 128]","[179, 64, 128, 128]"
512,179,True,relu2,0.0017756160736083985,0.0,1501560832.0,"[179, 64, 128, 128]","[179, 64, 128, 128]"
512,179,True,conv3,0.006154547119140625,108112379904.0,1126465536.0,"[179, 64, 128, 128]","[179, 128, 64, 64]"
512,179,True,relu3,0.000888319969177246,0.0,750780416.0,"[179, 128, 64, 64]","[179, 128, 64, 64]"
512,179,True,conv4,0.0032061439514160157,48049946624.0,1126301696.0,"[179, 128, 64, 64]","[179, 256, 64, 64]"
512,179,True,relu4,0.0017754112243652345,0.0,1501560832.0,"[179, 256, 64, 64]","[179, 256, 64, 64]"
512,179,True,conv5,0.011932262420654297,216224759808.0,940834816.0,"[179, 256, 64, 64]","[179, 256, 32, 32]"
512,179,True,relu5,0.0004452352046966553,0.0,375390208.0,"[179, 256, 32, 32]","[179, 256, 32, 32]"
512,179,True,conv6,0.0026792959213256837,48049946624.0,563609600.0,"[179, 256, 32, 32]","[179, 512, 32, 32]"
512,179,True,relu6,0.0008880127906799316,0.0,750780416.0,"[179, 512, 32, 32]","[179, 512, 32, 32]"
512,179,True,avgpool,0.00042485761642456054,93847552.0,375756800.0,"[179, 512, 32, 32]","[179, 512, 1, 1]"
512,179,True,fc1,1.0236799716949463e-05,46969600.0,1075200.0,"[179, 512]","[179, 256]"
512,179,True,relu7,1.6383999958634378e-06,0.0,366592.0,"[179, 256]","[179, 256]"
512,179,True,fc2,6.758400052785873e-06,9182700.0,357696.0,"[179, 256]","[179, 100]"
32,256,False,conv1,5.997120141983032e-05,616562688.0,11553152.0,"[256, 3, 32, 32]","[256, 32, 16, 16]"
32,256,False,relu1,2.037760019302368e-05,0.0,16777216.0,"[256, 32, 16, 16]","[256, 32, 16, 16]"
32,256,False,pool,1.9865599274635314e-05,0.0,10485760.0,"[256, 32, 16, 16]","[256, 32, 8, 8]"
32,256,False,conv2,0.00012591680288314818,1677721600.0,6496256.0,"[256, 32, 8, 8]","[256, 64, 8, 8]"
32,256,False,relu2,3.87520007789135e-06,0.0,8388608.0,"[256, 64, 8, 8]","[256, 64, 8, 8]"
32,256,False,conv3,5.898240208625793e-05,603979776.0,6586368.0,"[256, 64, 8, 8]","[256, 128, 4, 4]"
32,256,False,relu3,2.3264000192284584e-06,0.0,4194304.0,"[256, 128, 4, 4]","[256, 128, 4, 4]"
32,256,False,conv4,2.2323200106620787e-05,268435456.0,6422528.0,"[256, 128, 4, 4]","[256, 256, 4, 4]"
32,256,False,relu4,3.993599861860275e-06,0.0,8388608.0,"[256, 256, 4, 4]","[256, 256, 4, 4]"
32,256,False,conv5,0.00017181440591812133,1207959552.0,7602176.0,"[256, 256, 4, 4]","[256, 256, 2, 2]"
32,256,False,relu5,1.8432000651955603e-06,0.0,2097152.0,"[256, 256, 2, 2]","[256, 256, 2, 2]"
32,256,False,conv6,2.826240062713623e-05,268435456.0,3670016.0,"[256, 256, 2, 2]","[256, 512, 2, 2]"
32,256,False,relu6,2.4512000381946565e-06,0.0,4194304.0,"[256, 512, 2, 2]","[256, 512, 2, 2]"
32,256,False,avgpool,6.451199948787689e-06,524288.0,2621440.0,"[256, 512, 2, 2]","[256, 512, 1, 1]"
32,256,False,fc1,1.3184000551700591e-05,67174400.0,1311744.0,"[256, 512]","[256, 256]"
32,256,False,relu7,1.4336000196635723e-06,0.0,524288.0,"[256, 256]","[256, 256]"
32,256,False,fc2,6.963200122117997e-06,13132800.0,467344.0,"[256, 256]","[256, 100]"
512,29,True,conv1,0.001878630447387695,17880317952.0,334514560.0,"[29, 3, 512, 512]","[29, 32, 256, 256]"
512,29,True,relu1,0.0005763072013854981,0.0,486539264.0,"[29, 32, 256, 256]","[29, 32, 256, 256]"
512,29,True,pool,0.0005087232112884522,0.0,304087040.0,"[29, 32, 256, 256]","[29, 32, 128, 128]"
512,29,True,conv2,0.0026681343078613284,48653926400.0,182657024.0,"[29, 32, 128, 128]","[29, 64, 128, 128]"
512,29,True,relu2,0.00028887040615081783,0.0,243269632.0,"[29, 64, 128, 128]","[29, 64, 128, 128]"
512,29,True,conv3,0.0010264575958251953,17515413504.0,182747136.0,"[29, 64, 128, 128]","[29, 128, 64, 64]"
512,29,True,relu3,0.00014540799856185913,0.0,121634816.0,"[29, 128, 64, 64]","[29, 128, 64, 64]"
512,29,True,conv4,0.00044111042022705073,7784628224.0,182583296.0,"[29, 128, 64, 64]","[29, 256, 64, 64]"
512,29,True,relu4,0.00028928000926971433,0.0,243269632.0,"[29, 256, 64, 64]","[29, 256, 64, 64]"
512,29,True,conv5,0.002020454406738281,35030827008.0,154402816.0,"[29, 256, 64, 64]","[29, 256, 32, 32]"
512,29,True,relu5,7.352319955825806e-05,0.0,60817408.0,"[29, 256, 32, 32]","[29, 256, 32, 32]"
512,29,True,conv6,0.0004148960113525391,7784628224.0,91750400.0,"[29, 256, 32, 32]","[29, 512, 32, 32]"
512,29,True,relu6,0.00014551039934158325,0.0,121634816.0,"[29, 512, 32, 32]","[29, 512, 32, 32]"
512,29,True,avgpool,7.147520184516907e-05,15204352.0,60876800.0,"[29, 512, 32, 32]","[29, 512, 1, 1]"
512,29,True,fc1,7.862400263547897e-06,7609600.0,614400.0,"[29, 512]","[29, 256]"
512,29,True,relu7,1.6224000602960585e-06,0.0,59392.0,"[29, 256]","[29, 256]"
512,29,True,fc2,9.523200243711471e-06,1487700.0,144096.0,"[29, 256]","[29, 100]"
128,29,True,conv1,0.00010424000024795532,1117519872.0,20924800.0,"[29, 3, 128, 128]","[29, 32, 64, 64]"
128,29,True,relu1,3.7376001477241516e-05,0.0,30408704.0,"[29, 32, 64, 64]","[29, 32, 64, 64]"
128,29,True,pool,3.420160114765167e-05,0.0,19005440.0,"[29, 32, 64, 64]","[29, 32, 32, 32]"
128,29,True,conv2,0.00016650240421295167,3040870400.0,11608064.0,"[29, 32, 32, 32]","[29, 64, 32, 32]"
128,29,True,relu2,1.822720021009445e-05,0.0,15204352.0,"[29, 64, 32, 32]","[29, 64, 32, 32]"
128,29,True,conv3,8.355839848518371e-05,1094713344.0,11698176.0,"[29, 64, 32, 32]","[29, 128, 16, 16]"
128,29,True,relu3,3.7888001650571825e-06,0.0,7602176.0,"[29, 128, 16, 16]","[29, 128, 16, 16]"
128,29,True,conv4,3.3280000090599064e-05,486539264.0,11534336.0,"[29, 128, 16, 16]","[29, 256, 16, 16]"
128,29,True,relu4,1.822720021009445e-05,0.0,15204352.0,"[29, 256, 16, 16]","[29, 256, 16, 16]"
128,29,True,conv5,0.00022056961059570314,2189426688.0,11862016.0,"[29, 256, 16, 16]","[29, 256, 8, 8]"
128,29,True,relu5,2.3552000522613525e-06,0.0,3801088.0,"[29, 256, 8, 8]","[29, 256, 8, 8]"
128,29,True,conv6,4.843519926071167e-05,486539264.0,6225920.0,"[29, 256, 8, 8]","[29, 512, 8, 8]"
128,29,True,relu6,3.6864001303911207e-06,0.0,7602176.0,"[29, 512, 8, 8]","[29, 512, 8, 8]"
128,29,True,avgpool,7.1327999234199525e-06,950272.0,3860480.0,"[29, 512, 8, 8]","[29, 512, 1, 1]"
128,29,True,fc1,6.838399916887283e-06,7609600.0,614400.0,"[29, 512]","[29, 256]"
128,29,True,relu7,1.4208000153303147e-06,0.0,59392.0,"[29, 256]","[29, 256]"
128,29,True,fc2,8.297599852085113e-06,1487700.0,144096.0,"[29, 256]","[29, 100]"
400,4,True,conv1,0.00014018559455871582,1505280000.0,28178816.0,"[4, 3, 400, 400]","[4, 32, 200, 200]"
400,4,True,relu1,4.997119903564453e-05,0.0,40960000.0,"[4, 32, 200, 200]","[4, 32, 200, 200]"
400,4,True,pool,4.4736000895500186e-05,0.0,25600000.0,"[4, 32, 200, 200]","[4, 32, 100, 100]"
400,4,True,conv2,0.00024113919734954835,4096000000.0,15564800.0,"[4, 32, 100, 100]","[4, 64, 100, 100]"
400,4,True,relu2,2.5702399015426635e-05,0.0,20480000.0,"[4, 64, 100, 100]","[4, 64, 100, 100]"
400,4,True,conv3,0.00011141120195388795,1474560000.0,15654912.0,"[4, 64, 100, 100]","[4, 128, 50, 50]"
400,4,True,relu3,5.427199974656105e-06,0.0,10240000.0,"[4, 128, 50, 50]","[4, 128, 50, 50]"
400,4,True,conv4,4.341759979724884e-05,655360000.0,15491072.0,"[4, 128, 50, 50]","[4, 256, 50, 50]"
400,4,True,relu4,2.5702399015426635e-05,0.0,20480000.0,"[4, 256, 50, 50]","[4, 256, 50, 50]"
400,4,True,conv5,0.0002308095932006836,2949120000.0,15159296.0,"[4, 256, 50, 50]","[4, 256, 25, 25]"
400,4,True,relu5,2.8672000393271445e-06,0.0,5120000.0,"[4, 256, 25, 25]","[4, 256, 25, 25]"
400,4,True,conv6,6.676480174064637e-05,655360000.0,8204288.0,"[4, 256, 25, 25]","[4, 512, 25, 25]"
400,4,True,relu6,5.222399905323982e-06,0.0,10240000.0,"[4, 512, 25, 25]","[4, 512, 25, 25]"
400,4,True,avgpool,4.710400104522705e-06,1280000.0,5128192.0,"[4, 512, 25, 25]","[4, 512, 1, 1]"
400,4,True,fc1,3.7888001650571825e-06,1049600.0,537600.0,"[4, 512]","[4, 256]"
400,4,True,relu7,1.331199984997511e-06,0.0,8192.0,"[4, 256]","[4, 256]"
400,4,True,fc2,2.5599999353289604e-06,205200.0,108496.0,"[4, 256]","[4, 100]"
64,179,True,conv1,0.00015615999698638915,1724448768.0,32278912.0,"[179, 3, 64, 64]","[179, 32, 32, 32]"
64,179,True,relu1,5.693439841270447e-05,0.0,46923776.0,"[179, 32, 32, 32]","[179, 32, 32, 32]"
64,179,True,pool,5.079039931297302e-05,0.0,29327360.0,"[179, 32, 32, 32]","[179, 32, 16, 16]"
64,179,True,conv2,0.00029273281097412106,4692377600.0,17801216.0,"[179, 32, 16, 16]","[179, 64, 16, 16]"
64,179,True,relu2,2.9183998703956602e-05,0.0,23461888.0,"[179, 64, 16, 16]","[179, 64, 16, 16]"
64,179,True,conv3,0.0001269760012626648,1689255936.0,17891328.0,"[179, 64, 16, 16]","[179, 128, 8, 8]"
64,179,True,relu3,6.963200122117997e-06,0.0,11730944.0,"[179, 128, 8, 8]","[179, 128, 8, 8]"
64,179,True,conv4,5.683199763298034e-05,750780416.0,17727488.0,"[179, 128, 8, 8]","[179, 256, 8, 8]"
64,179,True,relu4,2.9183998703956602e-05,0.0,23461888.0,"[179, 256, 8, 8]","[179, 256, 8, 8]"
64,179,True,conv5,0.00031447041034698487,3378511872.0,17022976.0,"[179, 256, 8, 8]","[179, 256, 4, 4]"
64,179,True,relu5,2.969600073993206e-06,0.0,5865472.0,"[179, 256, 4, 4]","[179, 256, 4, 4]"
64,179,True,conv6,5.49888014793396e-05,750780416.0,9322496.0,"[179, 256, 4, 4]","[179, 512, 4, 4]"
64,179,True,relu6,6.553599983453751e-06,0.0,11730944.0,"[179, 512, 4, 4]","[179, 512, 4, 4]"
64,179,True,avgpool,1.7196799814701078e-05,1466368.0,6232064.0,"[179, 512, 4, 4]","[179, 512, 1, 1]"
64,179,True,fc1,1.0214400291442871e-05,46969600.0,1075200.0,"[179, 512]","[179, 256]"
64,179,True,relu7,1.5359999611973762e-06,0.0,366592.0,"[179, 256]","[179, 256]"
64,179,True,fc2,6.844799965620041e-06,9182700.0,357696.0,"[179, 256]","[179, 100]"
64,56,True,conv1,5.283839702606201e-05,539492352.0,10111360.0,"[56, 3, 64, 64]","[56, 32, 32, 32]"
64,56,True,relu1,1.6998399794101716e-05,0.0,14680064.0,"[56, 32, 32, 32]","[56, 32, 32, 32]"
64,56,True,pool,1.730560064315796e-05,0.0,9175040.0,"[56, 32, 32, 32]","[56, 32, 16, 16]"
64,56,True,conv2,0.0001154047966003418,1468006400.0,5709824.0,"[56, 32, 16, 16]","[56, 64, 16, 16]"
64,56,True,relu2,3.3792000263929365e-06,0.0,7340032.0,"[56, 64, 16, 16]","[56, 64, 16, 16]"
64,56,True,conv3,5.885760188102722e-05,528482304.0,5799936.0,"[56, 64, 16, 16]","[56, 128, 8, 8]"
64,56,True,relu3,2.3552000522613525e-06,0.0,3670016.0,"[56, 128, 8, 8]","[56, 128, 8, 8]"
64,56,True,conv4,2.2300800681114197e-05,234881024.0,5636096.0,"[56, 128, 8, 8]","[56, 256, 8, 8]"
64,56,True,relu4,3.5776000469923023e-06,0.0,7340032.0,"[56, 256, 8, 8]","[56, 256, 8, 8]"
64,56,True,conv5,0.00014632960557937622,1056964608.0,6946816.0,"[56, 256, 8, 8]","[56, 256, 4, 4]"
64,56,True,relu5,1.7408000305294992e-06,0.0,1835008.0,"[56, 256, 4, 4]","[56, 256, 4, 4]"
64,56,True,conv6,2.6316800713539123e-05,234881024.0,3276800.0,"[56, 256, 4, 4]","[56, 512, 4, 4]"
64,56,True,relu6,2.252800017595291e-06,0.0,3670016.0,"[56, 512, 4, 4]","[56, 512, 4, 4]"
64,56,True,avgpool,6.041600182652474e-06,458752.0,1949696.0,"[56, 512, 4, 4]","[56, 512, 1, 1]"
64,56,True,fc1,7.1680001914501194e-06,14694400.0,697344.0,"[56, 512]","[56, 256]"
64,56,True,relu7,1.312000025063753e-06,0.0,114688.0,"[56, 256]","[56, 256]"
64,56,True,fc2,8.089599758386611e-06,2872800.0,182544.0,"[56, 256]","[56, 100]"
256,16,False,conv1,0.00022415359020233155,2466250752.0,46156160.0,"[16, 3, 256, 256]","[16, 32, 128, 128]"
256,16,False,relu1,8.089600205421447e-05,0.0,67108864.0,"[16, 32, 128, 128]","[16, 32, 128, 128]"
256,16,False,pool,7.188479900360108e-05,0.0,41943040.0,"[16, 32, 128, 128]","[16, 32, 64, 64]"
256,16,False,conv2,0.0003953664064407348,6710886400.0,25370624.0,"[16, 32, 64, 64]","[16, 64, 64, 64]"
256,16,False,relu2,4.126720130443573e-05,0.0,33554432.0,"[16, 64, 64, 64]","[16, 64, 64, 64]"
256,16,False,conv3,0.00021473278999328615,2415919104.0,25460736.0,"[16, 64, 64, 64]","[16, 128, 32, 32]"
256,16,False,relu3,2.0582400262355805e-05,0.0,16777216.0,"[16, 128, 32, 32]","[16, 128, 32, 32]"
256,16,False,conv4,8.120319843292237e-05,1073741824.0,25296896.0,"[16, 128, 32, 32]","[16, 256, 32, 32]"
256,16,False,relu4,4.1340801119804386e-05,0.0,33554432.0,"[16, 256, 32, 32]","[16, 256, 32, 32]"
256,16,False,conv5,0.0003093503952026367,4831838208.0,23330816.0,"[16, 256, 32, 32]","[16, 256, 16, 16]"
256,16,False,relu5,4.30079996585846e-06,0.0,8388608.0,"[16, 256, 16, 16]","[16, 256, 16, 16]"
256,16,False,conv6,7.208960056304932e-05,1073741824.0,13107200.0,"[16, 256, 16, 16]","[16, 512, 16, 16]"
256,16,False,relu6,2.0582400262355805e-05,0.0,16777216.0,"[16, 512, 16, 16]","[16, 512, 16, 16]"
256,16,False,avgpool,1.2185599654912949e-05,2097152.0,8421376.0,"[16, 512, 16, 16]","[16, 512, 1, 1]"
256,16,False,fc1,6.348799914121628e-06,4198400.0,574464.0,"[16, 512]","[16, 256]"
256,16,False,relu7,1.4336000196635723e-06,0.0,32768.0,"[16, 256]","[16, 256]"
256,16,False,fc2,3.3792000263929365e-06,820800.0,125584.0,"[16, 256]","[16, 100]"
128,256,False,conv1,0.0010862591743469238,9865003008.0,184568192.0,"[256, 3, 128, 128]","[256, 32, 64, 64]"
128,256,False,relu1,0.0003189536094665527,0.0,268435456.0,"[256, 32, 64, 64]","[256, 32, 64, 64]"
128,256,False,pool,0.00027832319736480714,0.0,167772160.0,"[256, 32, 64, 64]","[256, 32, 32, 32]"
128,256,False,conv2,0.0014905152320861816,26843545600.0,100868096.0,"[256, 32, 32, 32]","[256, 64, 32, 32]"
128,256,False,relu2,0.00016035840511322022,0.0,134217728.0,"[256, 64, 32, 32]","[256, 64, 32, 32]"
128,256,False,conv3,0.0005388288021087646,9663676416.0,100958208.0,"[256, 64, 32, 32]","[256, 128, 16, 16]"
128,256,False,relu3,8.108479976654054e-05,0.0,67108864.0,"[256, 128, 16, 16]","[256, 128, 16, 16]"
128,256,False,conv4,0.0002496511936187744,4294967296.0,100794368.0,"[256, 128, 16, 16]","[256, 256, 16, 16]"
128,256,False,relu4,0.0001604383945465088,0.0,134217728.0,"[256, 256, 16, 16]","[256, 256, 16, 16]"
128,256,False,conv5,0.001179747200012207,19327352832.0,86245376.0,"[256, 256, 16, 16]","[256, 256, 8, 8]"
128,256,False,relu5,4.126720130443573e-05,0.0,33554432.0,"[256, 256, 8, 8]","[256, 256, 8, 8]"
128,256,False,conv6,0.00023142399787902832,4294967296.0,50855936.0,"[256, 256, 8, 8]","[256, 512, 8, 8]"
128,256,False,relu6,8.110079765319825e-05,0.0,67108864.0,"[256, 512, 8, 8]","[256, 512, 8, 8]"
128,256,False,avgpool,6.758400201797485e-05,8388608.0,34078720.0,"[256, 512, 8, 8]","[256, 512, 1, 1]"
128,256,False,fc1,1.7100800573825835e-05,67174400.0,1311744.0,"[256, 512]","[256, 256]"
128,256,False,relu7,1.7408000305294992e-06,0.0,524288.0,"[256, 256]","[256, 256]"
128,256,False,fc2,8.499199897050858e-06,13132800.0,467344.0,"[256, 256]","[256, 100]"
400,29,True,conv1,0.0011559935569763183,10913280000.0,204178816.0,"[29, 3, 400, 400]","[29, 32, 200, 200]"
400,29,True,relu1,0.0003525631904602051,0.0,296960000.0,"[29, 32, 200, 200]","[29, 32, 200, 200]"
400,29,True,pool,0.0003056639909744263,0.0,185600000.0,"[29, 32, 200, 200]","[29, 32, 100, 100]"
400,29,True,conv2,0.0016393152236938476,29696000000.0,111564800.0,"[29, 32, 100, 100]","[29, 64, 100, 100]"
400,29,True,relu2,0.00017714879512786865,0.0,148480000.0,"[29, 64, 100, 100]","[29, 64, 100, 100]"
400,29,True,conv3,0.0007489280223846436,10690560000.0,111654912.0,"[29, 64, 100, 100]","[29, 128, 50, 50]"
400,29,True,relu3,8.960000276565553e-05,0.0,74240000.0,"[29, 128, 50, 50]","[29, 128, 50, 50]"
400,29,True,conv4,0.00028342080116271976,4751360000.0,111491072.0,"[29, 128, 50, 50]","[29, 256, 50, 50]"
400,29,True,relu4,0.00017725440263748169,0.0,148480000.0,"[29, 256, 50, 50]","[29, 256, 50, 50]"
400,29,True,conv5,0.0012212224006652832,21381120000.0,95159296.0,"[29, 256, 50, 50]","[29, 256, 25, 25]"
400,29,True,relu5,4.5568001270294194e-05,0.0,37120000.0,"[29, 256, 25, 25]","[29, 256, 25, 25]"
400,29,True,conv6,0.0002672640085220337,4751360000.0,56204288.0,"[29, 256, 25, 25]","[29, 512, 25, 25]"
400,29,True,relu6,8.94752025604248e-05,0.0,74240000.0,"[29, 512, 25, 25]","[29, 512, 25, 25]"
400,29,True,avgpool,4.659200012683869e-05,9280000.0,37179392.0,"[29, 512, 25, 25]","[29, 512, 1, 1]"
400,29,True,fc1,8.60159993171692e-06,7609600.0,614400.0,"[29, 512]","[29, 256]"
400,29,True,relu7,1.7408000305294992e-06,0.0,59392.0,"[29, 256]","[29, 256]"
400,29,True,fc2,1.0339199751615524e-05,1487700.0,144096.0,"[29, 256]","[29, 100]"
